id,group,source_phase,bits,locations,edges,gas,steps,theoretical_dense_cells,status,cost,witness_gas,frontier_rows,frontier_points,max_frontier_width,frontier_candidates,certificate_bytes,dense_evidence,dense_status,dense_cost,dense_cells,dense_certificate_bytes,oracle_status,oracle_cost,oracle_prefixes,oracle_error_traces,producer_cpu_s,checker_cpu_s,dense_producer_cpu_s,dense_checker_cpu_s,oracle_cpu_s,peak_rss_kib,agreement
gas-erasure,legacy-hand-control,interval-pilot,1,3,4,1,2,36,optimal_bounded,1,1,18,16,2,12,811,retained-legacy-dense-and-interval-check-record,optimal_bounded,1,36,866,optimal_bounded,1,5,2,0.000176222,0.000300600,,,0.000056382,93368,yes
step-erasure,legacy-hand-control,interval-pilot,1,4,5,0,2,24,optimal_bounded,1,0,24,16,1,12,955,retained-legacy-dense-and-interval-check-record,optimal_bounded,1,24,1022,optimal_bounded,1,6,2,0.000154686,0.000170220,,,0.000015923,93368,yes
value-erasure,legacy-hand-control,interval-pilot,1,3,4,0,2,18,optimal_bounded,1,0,18,12,1,8,791,retained-legacy-dense-and-interval-check-record,optimal_bounded,1,18,836,optimal_bounded,1,5,2,0.000157351,0.000135637,,,0.000013453,93368,yes
zero-cycle,legacy-hand-control,interval-pilot,1,3,3,0,4,30,optimal_bounded,3,0,30,24,1,20,913,retained-legacy-dense-and-interval-check-record,optimal_bounded,3,30,974,optimal_bounded,3,8,3,0.000156361,0.000174390,,,0.000015004,93368,yes
havoc-choice,legacy-hand-control,interval-pilot,2,3,3,0,2,36,optimal_bounded,2,0,36,22,1,14,965,retained-legacy-dense-and-interval-check-record,optimal_bounded,2,36,1086,optimal_bounded,2,7,2,0.000171144,0.000207511,,,0.000015051,93368,yes
modular-wrap,legacy-hand-control,interval-pilot,2,3,2,0,2,36,optimal_bounded,2,0,36,15,1,3,853,retained-legacy-dense-and-interval-check-record,optimal_bounded,2,36,1009,optimal_bounded,2,3,1,0.000202688,0.000150612,,,0.000010278,93368,yes
safe-loop,legacy-hand-control,interval-pilot,1,2,1,0,5,24,safe_bounded,,,24,12,1,0,557,retained-legacy-dense-and-interval-check-record,safe_bounded,,24,698,safe_bounded,,6,0,0.000076301,0.000100661,,,0.000008903,93368,yes
initial-error,legacy-hand-control,interval-pilot,1,1,0,0,0,2,optimal_bounded,0,0,2,2,1,0,251,retained-legacy-dense-and-interval-check-record,optimal_bounded,0,2,234,optimal_bounded,0,1,1,0.000023492,0.000039729,,,0.000005900,93368,yes
multiple-initials,legacy-hand-control,interval-pilot,1,2,2,0,1,8,optimal_bounded,2,0,8,6,1,2,499,retained-legacy-dense-and-interval-check-record,optimal_bounded,2,8,504,optimal_bounded,2,4,2,0.000054485,0.000076544,,,0.000010968,93368,yes
generated-0,legacy-pilot-generated,interval-pilot,2,5,5,1,2,120,safe_bounded,,,60,17,1,9,1313,retained-legacy-dense-and-interval-check-record,safe_bounded,,120,1774,safe_bounded,,3,0,0.000221915,0.000286749,,,0.000008632,93368,yes
generated-1,legacy-pilot-generated,interval-pilot,3,3,9,3,2,288,optimal_bounded,3,1,72,44,2,49,1944,retained-legacy-dense-and-interval-check-record,optimal_bounded,3,288,2277,optimal_bounded,3,16,3,0.000410130,0.000387788,,,0.000026085,93368,yes
generated-2,legacy-pilot-generated,interval-pilot,1,2,2,2,4,60,optimal_bounded,0,0,20,14,1,7,673,retained-legacy-dense-and-interval-check-record,optimal_bounded,0,60,722,optimal_bounded,0,10,4,0.000098573,0.000153673,,,0.000017046,93368,yes
generated-3,legacy-pilot-generated,interval-pilot,3,3,7,3,4,480,safe_bounded,,,120,40,1,0,2233,retained-legacy-dense-and-interval-check-record,safe_bounded,,480,3110,safe_bounded,,20,0,0.000473305,0.000468774,,,0.000036551,93496,yes
generated-4,legacy-pilot-generated,interval-pilot,2,3,3,3,5,288,optimal_bounded,3,0,72,33,1,9,1427,retained-legacy-dense-and-interval-check-record,optimal_bounded,3,288,1745,optimal_bounded,3,5,1,0.000235067,0.000322322,,,0.000014104,93496,yes
generated-5,legacy-pilot-generated,interval-pilot,3,4,9,0,2,96,safe_bounded,,,96,34,1,14,2103,retained-legacy-dense-and-interval-check-record,safe_bounded,,96,2788,safe_bounded,,2,0,0.000441777,0.000379493,,,0.000007175,93496,yes
generated-6,legacy-pilot-generated,interval-pilot,2,2,4,2,2,72,safe_bounded,,,24,12,1,0,800,retained-legacy-dense-and-interval-check-record,safe_bounded,,72,941,safe_bounded,,15,0,0.000100562,0.000157414,,,0.000020615,93496,yes
generated-7,legacy-pilot-generated,interval-pilot,1,4,10,0,4,40,optimal_bounded,0,0,40,19,1,26,1551,retained-legacy-dense-and-interval-check-record,optimal_bounded,0,40,1715,optimal_bounded,0,16,6,0.000287396,0.000259934,,,0.000028528,93496,yes
generated-8,legacy-pilot-generated,interval-pilot,2,3,6,0,5,72,safe_bounded,,,72,24,1,10,1549,retained-legacy-dense-and-interval-check-record,safe_bounded,,72,2074,safe_bounded,,5,0,0.000300220,0.000283788,,,0.000010925,93496,yes
generated-9,legacy-pilot-generated,interval-pilot,3,5,10,3,2,480,optimal_bounded,1,0,120,43,1,30,2559,retained-legacy-dense-and-interval-check-record,optimal_bounded,1,480,3195,optimal_bounded,1,10,2,0.000700949,0.000534020,,,0.000024448,93496,yes
generated-10,legacy-pilot-generated,interval-pilot,2,2,5,3,4,160,optimal_bounded,9,1,40,30,1,16,1208,retained-legacy-dense-and-interval-check-record,optimal_bounded,9,160,1349,optimal_bounded,9,11,3,0.000187824,0.000224501,,,0.000023441,93496,yes
generated-11,legacy-pilot-generated,interval-pilot,3,5,12,0,1,80,safe_bounded,,,80,21,1,5,2102,retained-legacy-dense-and-interval-check-record,safe_bounded,,80,2731,safe_bounded,,2,0,0.000365549,0.000321275,,,0.000008257,93496,yes
generated-12,legacy-pilot-generated,interval-pilot,2,5,13,0,2,60,optimal_bounded,1,0,60,18,1,7,2014,retained-legacy-dense-and-interval-check-record,optimal_bounded,1,60,2323,optimal_bounded,1,3,1,0.000384733,0.000349121,,,0.000012004,93496,yes
generated-13,legacy-pilot-generated,interval-pilot,2,4,6,1,5,192,safe_bounded,,,96,29,1,5,1841,retained-legacy-dense-and-interval-check-record,safe_bounded,,192,2621,safe_bounded,,28,0,0.000415219,0.000345365,,,0.000035574,93496,yes
generated-14,legacy-pilot-generated,interval-pilot,3,2,7,3,4,320,optimal_bounded,2,0,80,80,2,61,2062,retained-legacy-dense-and-interval-check-record,optimal_bounded,2,320,2193,optimal_bounded,2,11,5,0.000407121,0.001025485,,,0.000029732,93496,yes
generated-15,legacy-pilot-generated,interval-pilot,1,3,7,2,2,54,optimal_bounded,1,1,18,11,1,5,1033,retained-legacy-dense-and-interval-check-record,optimal_bounded,1,54,1083,optimal_bounded,1,12,2,0.000136609,0.000820409,,,0.000023381,93496,yes
generated-16,legacy-pilot-generated,interval-pilot,2,4,11,0,1,32,safe_bounded,,,32,10,1,2,1437,retained-legacy-dense-and-interval-check-record,safe_bounded,,32,1674,safe_bounded,,1,0,0.000185662,0.000195238,,,0.000006129,93496,yes
generated-17,legacy-pilot-generated,interval-pilot,2,5,10,1,1,80,safe_bounded,,,40,8,1,0,1442,retained-legacy-dense-and-interval-check-record,safe_bounded,,80,1775,safe_bounded,,6,0,0.000189148,0.000198124,,,0.000011817,93496,yes
generated-18,legacy-pilot-generated,interval-pilot,1,3,8,0,2,18,optimal_bounded,8,0,18,9,1,11,1099,retained-legacy-dense-and-interval-check-record,optimal_bounded,8,18,1159,optimal_bounded,8,7,1,0.000144256,0.000162252,,,0.000014779,93496,yes
generated-19,legacy-pilot-generated,interval-pilot,3,2,2,0,5,96,safe_bounded,,,96,48,1,0,1618,retained-legacy-dense-and-interval-check-record,safe_bounded,,96,2191,safe_bounded,,3,0,0.000239101,0.000299110,,,0.000009046,93496,yes
generated-20,legacy-pilot-generated,interval-pilot,2,3,8,1,4,120,safe_bounded,,,60,34,1,25,1622,retained-legacy-dense-and-interval-check-record,safe_bounded,,120,2101,safe_bounded,,5,0,0.000336125,0.000344511,,,0.000013573,93496,yes
generated-21,legacy-pilot-generated,interval-pilot,2,3,8,2,5,216,optimal_bounded,9,2,72,43,1,25,1873,retained-legacy-dense-and-interval-check-record,optimal_bounded,9,216,2211,optimal_bounded,9,12,1,0.000376477,0.000390155,,,0.000025486,93496,yes
generated-22,legacy-pilot-generated,interval-pilot,1,3,3,2,2,54,optimal_bounded,2,1,18,10,1,6,717,retained-legacy-dense-and-interval-check-record,optimal_bounded,2,54,772,optimal_bounded,2,6,3,0.000100033,0.000116650,,,0.000012523,93496,yes
generated-23,legacy-pilot-generated,interval-pilot,1,4,4,3,2,96,optimal_bounded,3,0,24,8,1,2,856,retained-legacy-dense-and-interval-check-record,optimal_bounded,3,96,963,optimal_bounded,3,3,1,0.000150164,0.000131673,,,0.000009033,93496,yes
generated-24,legacy-main-generated,main,3,5,7,0,4,200,safe_bounded,,,200,56,1,19,3208,retained-legacy-dense-and-interval-check-record,safe_bounded,,200,4757,safe_bounded,,10,0,0.001116720,0.000666475,,,0.000012278,94008,yes
generated-25,legacy-main-generated,main,1,5,8,1,2,60,optimal_bounded,1,1,30,15,2,14,1280,retained-legacy-dense-and-interval-check-record,optimal_bounded,1,60,1393,optimal_bounded,1,11,6,0.000201035,0.000198459,,,0.000017902,94008,yes
generated-26,legacy-main-generated,main,3,3,4,3,2,288,safe_bounded,,,72,31,1,9,1429,retained-legacy-dense-and-interval-check-record,safe_bounded,,288,1898,safe_bounded,,1,0,0.000249185,0.000309581,,,0.000005392,94008,yes
generated-27,legacy-main-generated,main,3,5,9,2,4,600,optimal_bounded,11,0,200,82,2,186,3574,retained-legacy-dense-and-interval-check-record,optimal_bounded,11,600,4753,optimal_bounded,11,12,8,0.001383160,0.000861283,,,0.000019305,94008,yes
generated-28,legacy-main-generated,main,3,2,3,1,2,96,safe_bounded,,,48,24,1,0,1046,retained-legacy-dense-and-interval-check-record,safe_bounded,,96,1331,safe_bounded,,1,0,0.000139327,0.000181660,,,0.000005130,94008,yes
generated-29,legacy-main-generated,main,2,2,6,2,1,48,optimal_bounded,2,1,16,12,2,4,929,retained-legacy-dense-and-interval-check-record,optimal_bounded,2,48,959,optimal_bounded,2,5,2,0.000149134,0.000135504,,,0.000014859,94008,yes
generated-30,legacy-main-generated,main,3,4,4,1,2,192,optimal_bounded,5,1,96,32,1,64,1771,retained-legacy-dense-and-interval-check-record,optimal_bounded,5,192,2262,optimal_bounded,5,10,8,0.000624279,0.000397100,,,0.000012927,94008,yes
generated-31,legacy-main-generated,main,2,2,2,0,1,16,safe_bounded,,,16,8,1,0,538,retained-legacy-dense-and-interval-check-record,safe_bounded,,16,631,safe_bounded,,3,0,0.000103193,0.000087813,,,0.000006964,94008,yes
generated-32,legacy-main-generated,main,1,2,3,3,1,32,optimal_bounded,0,1,8,6,2,2,583,retained-legacy-dense-and-interval-check-record,optimal_bounded,0,32,587,optimal_bounded,0,5,2,0.000066012,0.000089898,,,0.000012542,94008,yes
generated-33,legacy-main-generated,main,3,3,4,2,3,288,optimal_bounded,2,0,96,56,1,24,1879,retained-legacy-dense-and-interval-check-record,optimal_bounded,2,288,2250,optimal_bounded,2,3,1,0.000353152,0.000352448,,,0.000012577,94008,yes
generated-34,legacy-main-generated,main,3,4,4,0,5,192,safe_bounded,,,192,77,1,29,2983,retained-legacy-dense-and-interval-check-record,safe_bounded,,192,4284,safe_bounded,,1,0,0.000651092,0.000592185,,,0.000005438,94008,yes
generated-35,legacy-main-generated,main,1,4,9,3,5,192,optimal_bounded,6,1,48,44,2,66,1697,retained-legacy-dense-and-interval-check-record,optimal_bounded,6,192,1890,optimal_bounded,6,64,10,0.000552750,0.000342290,,,0.000066673,94008,yes
generated-36,legacy-main-generated,main,1,4,4,3,2,96,safe_bounded,,,24,9,1,4,796,retained-legacy-dense-and-interval-check-record,safe_bounded,,96,994,safe_bounded,,3,0,0.000162462,0.000133159,,,0.000008162,94008,yes
generated-37,legacy-main-generated,main,3,2,7,0,4,80,optimal_bounded,0,0,80,60,1,174,1956,retained-legacy-dense-and-interval-check-record,optimal_bounded,0,80,2195,optimal_bounded,0,3,2,0.000909966,0.000610712,,,0.000015693,94008,yes
generated-38,legacy-main-generated,main,2,5,6,2,1,120,safe_bounded,,,40,11,1,3,1141,retained-legacy-dense-and-interval-check-record,safe_bounded,,120,1483,safe_bounded,,1,0,0.000299767,0.000174070,,,0.000005685,94008,yes
generated-39,legacy-main-generated,main,2,3,6,3,1,96,safe_bounded,,,24,12,1,5,962,retained-legacy-dense-and-interval-check-record,safe_bounded,,96,1103,safe_bounded,,4,0,0.000114863,0.000145648,,,0.000008915,94008,yes
generated-40,legacy-main-generated,main,3,5,13,2,5,720,safe_bounded,,,240,136,2,424,4535,retained-legacy-dense-and-interval-check-record,safe_bounded,,720,6370,safe_bounded,,2,0,0.002252747,0.001319226,,,0.000007153,94136,yes
generated-41,legacy-main-generated,main,2,5,8,0,1,40,safe_bounded,,,40,8,1,0,1285,retained-legacy-dense-and-interval-check-record,safe_bounded,,40,1618,safe_bounded,,1,0,0.000175408,0.000329596,,,0.000006028,94136,yes
generated-42,legacy-main-generated,main,1,2,7,1,2,24,optimal_bounded,0,0,12,12,2,18,970,retained-legacy-dense-and-interval-check-record,optimal_bounded,0,24,971,optimal_bounded,0,15,10,0.000128783,0.000163400,,,0.000339218,94136,yes
generated-43,legacy-main-generated,main,2,2,7,2,2,72,optimal_bounded,4,0,24,20,1,39,1142,retained-legacy-dense-and-interval-check-record,optimal_bounded,4,72,1189,optimal_bounded,4,21,14,0.000192092,0.000212940,,,0.000025763,94136,yes
generated-44,legacy-main-generated,main,3,5,13,2,5,720,safe_bounded,,,240,99,1,61,4329,retained-legacy-dense-and-interval-check-record,safe_bounded,,720,6132,safe_bounded,,1,0,0.001572078,0.001033010,,,0.000006197,94136,yes
generated-45,legacy-main-generated,main,2,4,11,0,1,32,safe_bounded,,,32,11,1,3,1440,retained-legacy-dense-and-interval-check-record,safe_bounded,,32,1669,safe_bounded,,3,0,0.000288179,0.000199043,,,0.000009518,94136,yes
generated-46,legacy-main-generated,main,2,2,2,2,2,72,optimal_bounded,5,0,24,18,1,7,740,retained-legacy-dense-and-interval-check-record,optimal_bounded,5,72,797,optimal_bounded,5,5,1,0.000103418,0.000132573,,,0.000013285,94136,yes
generated-47,legacy-main-generated,main,1,4,10,1,4,80,optimal_bounded,9,0,40,27,2,25,1599,retained-legacy-dense-and-interval-check-record,optimal_bounded,9,80,1714,optimal_bounded,9,11,3,0.000295021,0.000397409,,,0.000023779,94136,yes
generated-48,legacy-main-generated,main,1,4,8,1,2,48,safe_bounded,,,24,11,1,6,1118,retained-legacy-dense-and-interval-check-record,safe_bounded,,48,1300,safe_bounded,,1,0,0.000155584,0.000242639,,,0.000005493,94136,yes
generated-49,legacy-main-generated,main,2,2,5,1,1,32,optimal_bounded,4,0,16,12,1,6,852,retained-legacy-dense-and-interval-check-record,optimal_bounded,4,32,883,optimal_bounded,4,3,1,0.000100357,0.000282342,,,0.000012193,94136,yes
generated-50,legacy-main-generated,main,2,5,10,2,3,240,optimal_bounded,0,0,80,33,1,27,2068,retained-legacy-dense-and-interval-check-record,optimal_bounded,0,240,2442,optimal_bounded,0,4,2,0.000602040,0.000456372,,,0.000014705,94136,yes
generated-51,legacy-main-generated,main,3,3,7,0,3,96,safe_bounded,,,96,32,1,27,1930,retained-legacy-dense-and-interval-check-record,safe_bounded,,96,2631,safe_bounded,,8,0,0.000658428,0.000469462,,,0.000017990,94136,yes
generated-52,legacy-main-generated,main,1,4,11,1,2,48,optimal_bounded,4,0,24,17,1,28,1452,retained-legacy-dense-and-interval-check-record,optimal_bounded,4,48,1518,optimal_bounded,4,6,4,0.000214453,0.000265144,,,0.000015103,94136,yes
generated-53,legacy-main-generated,main,2,3,7,2,3,144,optimal_bounded,6,0,48,30,1,17,1462,retained-legacy-dense-and-interval-check-record,optimal_bounded,6,144,1627,optimal_bounded,6,5,1,0.000635266,0.000307607,,,0.000015317,94136,yes
generated-54,legacy-main-generated,main,2,3,7,1,3,96,safe_bounded,,,48,25,1,17,1370,retained-legacy-dense-and-interval-check-record,safe_bounded,,96,1746,safe_bounded,,4,0,0.000331494,0.000286333,,,0.000011729,94136,yes
generated-55,legacy-main-generated,main,1,2,3,1,2,24,optimal_bounded,0,0,12,9,1,5,638,retained-legacy-dense-and-interval-check-record,optimal_bounded,0,24,656,optimal_bounded,0,4,2,0.000091743,0.000108049,,,0.000013867,94136,yes
generated-56,legacy-main-generated,main,2,2,7,1,3,64,optimal_bounded,5,1,32,29,2,37,1274,retained-legacy-dense-and-interval-check-record,optimal_bounded,5,64,1346,optimal_bounded,5,14,5,0.000204344,0.000485494,,,0.000030001,94136,yes
generated-57,legacy-main-generated,main,2,2,6,2,1,48,optimal_bounded,0,0,16,11,1,16,927,retained-legacy-dense-and-interval-check-record,optimal_bounded,0,48,963,optimal_bounded,0,14,11,0.000127525,0.000404072,,,0.000021353,94136,yes
generated-58,legacy-main-generated,main,1,3,8,1,1,24,safe_bounded,,,12,4,1,0,944,retained-legacy-dense-and-interval-check-record,safe_bounded,,24,1029,safe_bounded,,2,0,0.000142293,0.000387065,,,0.000008394,94136,yes
generated-59,legacy-main-generated,main,1,3,8,2,5,108,optimal_bounded,0,0,36,22,1,31,1364,retained-legacy-dense-and-interval-check-record,optimal_bounded,0,108,1485,optimal_bounded,0,32,10,0.000312679,0.000252063,,,0.000040200,94136,yes
generated-60,legacy-main-generated,main,2,4,6,0,1,32,safe_bounded,,,32,8,1,0,1034,retained-legacy-dense-and-interval-check-record,safe_bounded,,32,1287,safe_bounded,,1,0,0.000358409,0.000242118,,,0.000005857,94136,yes
generated-61,legacy-main-generated,main,1,5,13,1,2,60,safe_bounded,,,30,10,1,6,1581,retained-legacy-dense-and-interval-check-record,safe_bounded,,60,1820,safe_bounded,,15,0,0.000272720,0.000216329,,,0.000018007,94136,yes
generated-62,legacy-main-generated,main,1,3,9,3,5,144,optimal_bounded,4,1,36,35,2,45,1510,retained-legacy-dense-and-interval-check-record,optimal_bounded,4,144,1634,optimal_bounded,4,51,8,0.000322999,0.000285816,,,0.000057352,94136,yes
generated-63,legacy-main-generated,main,2,5,9,1,4,200,safe_bounded,,,100,24,1,16,2103,retained-legacy-dense-and-interval-check-record,safe_bounded,,200,2908,safe_bounded,,30,0,0.000590036,0.000449799,,,0.000040545,94136,yes
generated-64,legacy-main-generated,main,1,5,11,3,1,80,safe_bounded,,,20,6,1,2,1289,retained-legacy-dense-and-interval-check-record,safe_bounded,,80,1438,safe_bounded,,1,0,0.000139082,0.000161486,,,0.000004909,94136,yes
generated-65,legacy-main-generated,main,2,5,9,1,5,240,safe_bounded,,,120,24,1,0,2318,retained-legacy-dense-and-interval-check-record,safe_bounded,,240,3323,safe_bounded,,3,0,0.000614615,0.000449101,,,0.000008758,94136,yes
generated-66,legacy-main-generated,main,2,2,5,0,5,48,optimal_bounded,4,0,48,34,1,44,1315,retained-legacy-dense-and-interval-check-record,optimal_bounded,4,48,1460,optimal_bounded,4,14,6,0.000239359,0.000270663,,,0.000027044,94136,yes
generated-67,legacy-main-generated,main,1,2,5,3,1,32,safe_bounded,,,8,4,1,0,664,retained-legacy-dense-and-interval-check-record,safe_bounded,,32,709,safe_bounded,,10,0,0.000076031,0.000134678,,,0.000011786,94136,yes
generated-68,legacy-main-generated,main,3,5,13,2,1,240,safe_bounded,,,80,27,1,11,2209,retained-legacy-dense-and-interval-check-record,safe_bounded,,240,2911,safe_bounded,,1,0,0.000380134,0.000378227,,,0.000005956,94136,yes
generated-69,legacy-main-generated,main,1,2,3,2,5,72,optimal_bounded,1,0,24,22,1,25,837,retained-legacy-dense-and-interval-check-record,optimal_bounded,1,72,874,optimal_bounded,1,7,5,0.000138143,0.000161273,,,0.000015417,94136,yes
generated-70,legacy-main-generated,main,2,2,7,2,1,48,optimal_bounded,0,1,16,12,2,4,1013,retained-legacy-dense-and-interval-check-record,optimal_bounded,0,48,1043,optimal_bounded,0,5,1,0.000143007,0.000238109,,,0.000014155,94136,yes
generated-71,legacy-main-generated,main,3,4,4,2,3,384,safe_bounded,,,128,32,1,0,2056,retained-legacy-dense-and-interval-check-record,safe_bounded,,384,3077,safe_bounded,,2,0,0.000501547,0.000407344,,,0.000008423,94136,yes
generated-72,legacy-main-generated,main,3,2,7,3,5,384,optimal_bounded,0,1,96,97,2,425,2331,retained-legacy-dense-and-interval-check-record,optimal_bounded,0,384,2483,optimal_bounded,0,12,10,0.000971701,0.001143606,,,0.000020698,94136,yes
generated-73,legacy-main-generated,main,1,4,11,0,2,24,optimal_bounded,4,0,24,16,1,25,1442,retained-legacy-dense-and-interval-check-record,optimal_bounded,4,24,1509,optimal_bounded,4,4,1,0.000303061,0.000215938,,,0.000012837,94136,yes
generated-74,legacy-main-generated,main,2,2,2,1,5,96,safe_bounded,,,48,29,1,5,995,retained-legacy-dense-and-interval-check-record,safe_bounded,,96,1295,safe_bounded,,3,0,0.000137267,0.000178321,,,0.000037558,94136,yes
generated-75,legacy-main-generated,main,3,5,11,1,1,160,safe_bounded,,,80,19,1,3,2011,retained-legacy-dense-and-interval-check-record,safe_bounded,,160,2667,safe_bounded,,6,0,0.000630443,0.000370978,,,0.000013375,94136,yes
generated-76,legacy-main-generated,main,2,4,10,0,3,64,optimal_bounded,3,0,64,40,1,62,1928,retained-legacy-dense-and-interval-check-record,optimal_bounded,3,64,2155,optimal_bounded,3,16,8,0.000570368,0.001200116,,,0.000086518,94136,yes
generated-77,legacy-main-generated,main,2,4,7,0,3,64,optimal_bounded,4,0,64,28,1,33,1632,retained-legacy-dense-and-interval-check-record,optimal_bounded,4,64,1919,optimal_bounded,4,6,4,0.000407213,0.000326676,,,0.000012234,94136,yes
generated-78,legacy-main-generated,main,1,3,5,1,1,24,optimal_bounded,3,1,12,7,1,4,788,retained-legacy-dense-and-interval-check-record,optimal_bounded,3,24,816,optimal_bounded,3,7,1,0.000094816,0.000116625,,,0.000013652,94136,yes
generated-79,legacy-main-generated,main,2,3,5,0,2,36,optimal_bounded,2,0,36,21,1,12,1130,retained-legacy-dense-and-interval-check-record,optimal_bounded,2,36,1256,optimal_bounded,2,4,1,0.000172068,0.000280015,,,0.000012496,94136,yes
generated-80,legacy-main-generated,main,2,4,10,3,5,384,optimal_bounded,3,1,96,52,1,41,2339,retained-legacy-dense-and-interval-check-record,optimal_bounded,3,384,2730,optimal_bounded,3,57,6,0.000640098,0.000505509,,,0.000066543,94136,yes
generated-81,legacy-main-generated,main,2,5,13,1,2,120,optimal_bounded,2,1,60,25,2,29,2047,retained-legacy-dense-and-interval-check-record,optimal_bounded,2,120,2336,optimal_bounded,2,7,1,0.000525628,0.000335525,,,0.000017882,94136,yes
generated-82,legacy-main-generated,main,2,3,7,3,3,192,safe_bounded,,,48,19,1,5,1342,retained-legacy-dense-and-interval-check-record,safe_bounded,,192,1700,safe_bounded,,2,0,0.000269702,0.000239469,,,0.000006556,94136,yes
generated-83,legacy-main-generated,main,2,5,6,1,2,120,safe_bounded,,,60,17,1,6,1394,retained-legacy-dense-and-interval-check-record,safe_bounded,,120,1888,safe_bounded,,3,0,0.000239103,0.000253231,,,0.000008035,94136,yes
generated-84,legacy-main-generated,main,1,4,11,1,3,64,optimal_bounded,0,0,32,18,1,19,1544,retained-legacy-dense-and-interval-check-record,optimal_bounded,0,64,1657,optimal_bounded,0,28,5,0.000254253,0.000363371,,,0.000037498,94136,yes
generated-85,legacy-main-generated,main,3,3,7,1,2,144,optimal_bounded,2,1,72,34,1,10,1740,retained-legacy-dense-and-interval-check-record,optimal_bounded,2,144,2053,optimal_bounded,2,2,1,0.000294503,0.000336894,,,0.000010876,94136,yes
generated-86,legacy-main-generated,main,3,2,4,2,4,240,optimal_bounded,3,1,80,60,1,24,1722,retained-legacy-dense-and-interval-check-record,optimal_bounded,3,240,2089,optimal_bounded,3,4,2,0.000258878,0.000359597,,,0.000014788,94136,yes
generated-87,legacy-main-generated,main,3,3,4,2,1,144,safe_bounded,,,48,17,1,1,1096,retained-legacy-dense-and-interval-check-record,safe_bounded,,144,1448,safe_bounded,,3,0,0.000141806,0.000171221,,,0.000007658,94136,yes
generated-88,legacy-main-generated,main,1,5,10,1,1,40,optimal_bounded,0,1,20,8,2,4,1283,retained-legacy-dense-and-interval-check-record,optimal_bounded,0,40,1361,optimal_bounded,0,6,3,0.000176910,0.000163366,,,0.000015396,94136,yes
generated-89,legacy-main-generated,main,3,2,7,1,3,128,safe_bounded,,,64,52,1,88,1676,retained-legacy-dense-and-interval-check-record,safe_bounded,,128,2117,safe_bounded,,4,0,0.000380010,0.000392400,,,0.000012849,94136,yes
generated-90,legacy-main-generated,main,3,3,3,1,1,96,safe_bounded,,,48,16,1,0,1011,retained-legacy-dense-and-interval-check-record,safe_bounded,,96,1360,safe_bounded,,2,0,0.000121799,0.000189236,,,0.000007758,94136,yes
generated-91,legacy-main-generated,main,3,2,3,3,3,256,optimal_bounded,1,0,64,48,1,20,1403,retained-legacy-dense-and-interval-check-record,optimal_bounded,1,256,1590,optimal_bounded,1,3,1,0.000207691,0.000259866,,,0.000011676,94136,yes
generated-92,legacy-main-generated,main,3,5,13,1,4,400,optimal_bounded,8,1,200,81,1,56,3867,retained-legacy-dense-and-interval-check-record,optimal_bounded,8,400,4873,optimal_bounded,8,6,1,0.001292789,0.000814623,,,0.000018645,94136,yes
generated-93,legacy-main-generated,main,3,5,10,2,1,240,safe_bounded,,,80,22,1,6,1948,retained-legacy-dense-and-interval-check-record,safe_bounded,,240,2569,safe_bounded,,5,0,0.000331072,0.000299180,,,0.000012410,94264,yes
generated-94,legacy-main-generated,main,1,3,9,3,2,72,optimal_bounded,1,1,18,13,1,16,1204,retained-legacy-dense-and-interval-check-record,optimal_bounded,1,72,1244,optimal_bounded,1,38,8,0.000170777,0.000211195,,,0.000033265,94264,yes
generated-95,legacy-main-generated,main,2,3,3,2,4,180,optimal_bounded,6,1,60,30,1,12,1281,retained-legacy-dense-and-interval-check-record,optimal_bounded,6,180,1530,optimal_bounded,6,5,1,0.000530549,0.000240976,,,0.000013976,94264,yes
generated-96,legacy-main-generated,main,2,4,10,2,3,192,optimal_bounded,5,1,64,19,1,5,1818,retained-legacy-dense-and-interval-check-record,optimal_bounded,5,192,2150,optimal_bounded,5,5,2,0.000484468,0.000383603,,,0.000016860,94264,yes
generated-97,legacy-main-generated,main,2,3,9,0,5,72,safe_bounded,,,72,24,1,0,1782,retained-legacy-dense-and-interval-check-record,safe_bounded,,72,2307,safe_bounded,,2,0,0.000553117,0.000328903,,,0.000009050,94264,yes
generated-98,legacy-main-generated,main,3,4,4,2,4,480,safe_bounded,,,160,44,1,4,2467,retained-legacy-dense-and-interval-check-record,safe_bounded,,480,3756,safe_bounded,,2,0,0.000920235,0.000490926,,,0.000008798,94264,yes
generated-99,legacy-main-generated,main,2,5,8,0,2,60,safe_bounded,,,60,22,1,18,1572,retained-legacy-dense-and-interval-check-record,safe_bounded,,60,1993,safe_bounded,,1,0,0.001097874,0.000305365,,,0.000005642,94264,yes
generated-100,legacy-main-generated,main,2,3,6,3,1,96,optimal_bounded,0,0,24,14,2,8,1037,retained-legacy-dense-and-interval-check-record,optimal_bounded,0,96,1113,optimal_bounded,0,3,2,0.000171429,0.000159137,,,0.000013511,94264,yes
generated-101,legacy-main-generated,main,3,3,5,2,1,144,safe_bounded,,,48,16,1,0,1172,retained-legacy-dense-and-interval-check-record,safe_bounded,,144,1521,safe_bounded,,10,0,0.000154173,0.000684516,,,0.000010559,94264,yes
generated-102,legacy-main-generated,main,3,3,7,2,5,432,safe_bounded,,,144,103,2,359,2837,retained-legacy-dense-and-interval-check-record,safe_bounded,,432,3692,safe_bounded,,4,0,0.001118615,0.001048898,,,0.000012225,94264,yes
generated-103,legacy-main-generated,main,3,5,8,1,5,480,safe_bounded,,,240,82,1,37,3855,retained-legacy-dense-and-interval-check-record,safe_bounded,,480,5640,safe_bounded,,1,0,0.001315282,0.000829058,,,0.000005787,94264,yes
generated-104,legacy-main-generated,main,1,2,7,0,1,8,optimal_bounded,2,0,8,6,1,3,894,retained-legacy-dense-and-interval-check-record,optimal_bounded,2,8,899,optimal_bounded,2,4,1,0.000118798,0.000165810,,,0.000012796,94264,yes
generated-105,legacy-main-generated,main,3,4,5,0,5,192,safe_bounded,,,192,48,1,40,2915,retained-legacy-dense-and-interval-check-record,safe_bounded,,192,4448,safe_bounded,,2,0,0.000697326,0.000561644,,,0.000009343,94264,yes
generated-106,legacy-main-generated,main,1,5,13,2,3,120,optimal_bounded,6,1,40,23,1,25,1817,retained-legacy-dense-and-interval-check-record,optimal_bounded,6,120,2025,optimal_bounded,6,6,1,0.000340599,0.000283971,,,0.000014786,94264,yes
generated-107,legacy-main-generated,main,3,3,7,2,3,288,optimal_bounded,2,1,96,50,1,50,2086,retained-legacy-dense-and-interval-check-record,optimal_bounded,2,288,2487,optimal_bounded,2,2,1,0.000450399,0.000521737,,,0.000010551,94264,yes
generated-108,legacy-main-generated,main,3,3,9,0,3,96,optimal_bounded,3,0,96,74,1,98,2361,retained-legacy-dense-and-interval-check-record,optimal_bounded,3,96,2642,optimal_bounded,3,7,4,0.000590779,0.000514101,,,0.000020751,94264,yes
generated-109,legacy-main-generated,main,1,4,11,1,4,80,optimal_bounded,0,1,40,26,1,33,1669,retained-legacy-dense-and-interval-check-record,optimal_bounded,0,80,1798,optimal_bounded,0,11,1,0.000474872,0.000290533,,,0.000018480,94264,yes
generated-110,legacy-main-generated,main,3,5,8,1,2,240,optimal_bounded,2,0,120,30,1,6,2335,retained-legacy-dense-and-interval-check-record,optimal_bounded,2,240,3004,optimal_bounded,2,3,1,0.000497291,0.000464238,,,0.000012794,94264,yes
generated-111,legacy-main-generated,main,2,3,6,3,2,144,optimal_bounded,5,0,36,22,1,12,1203,retained-legacy-dense-and-interval-check-record,optimal_bounded,5,144,1324,optimal_bounded,5,3,2,0.000248027,0.000195450,,,0.000012540,94264,yes
generated-112,legacy-main-generated,main,3,5,9,2,1,240,safe_bounded,,,80,19,1,3,1855,retained-legacy-dense-and-interval-check-record,safe_bounded,,240,2500,safe_bounded,,1,0,0.000305834,0.000284607,,,0.000005163,94264,yes
generated-113,legacy-main-generated,main,3,2,7,1,4,160,optimal_bounded,0,0,80,71,2,137,2013,retained-legacy-dense-and-interval-check-record,optimal_bounded,0,160,2194,optimal_bounded,0,2,1,0.000565725,0.000539690,,,0.000010960,94264,yes
generated-114,legacy-main-generated,main,3,3,3,2,5,432,safe_bounded,,,144,79,1,55,2387,retained-legacy-dense-and-interval-check-record,safe_bounded,,432,3533,safe_bounded,,2,0,0.000564414,0.000510931,,,0.000006057,94264,yes
generated-115,legacy-main-generated,main,1,4,5,2,2,72,optimal_bounded,8,2,24,13,1,13,961,retained-legacy-dense-and-interval-check-record,optimal_bounded,8,72,1059,optimal_bounded,8,4,1,0.000143515,0.000152912,,,0.000011678,94264,yes
generated-116,legacy-main-generated,main,1,4,5,2,4,120,safe_bounded,,,40,18,1,14,1097,retained-legacy-dense-and-interval-check-record,safe_bounded,,120,1350,safe_bounded,,3,0,0.000194250,0.000227041,,,0.000008141,94264,yes
generated-117,legacy-main-generated,main,1,3,4,0,2,18,optimal_bounded,4,0,18,8,1,6,784,retained-legacy-dense-and-interval-check-record,optimal_bounded,4,18,849,optimal_bounded,4,3,1,0.000105957,0.000123138,,,0.000010267,94264,yes
generated-118,legacy-main-generated,main,2,3,3,0,4,60,safe_bounded,,,60,20,1,8,1164,retained-legacy-dense-and-interval-check-record,safe_bounded,,60,1601,safe_bounded,,2,0,0.000220664,0.000212429,,,0.000007717,94264,yes
generated-119,legacy-main-generated,main,1,4,10,1,1,32,safe_bounded,,,16,4,1,0,1149,retained-legacy-dense-and-interval-check-record,safe_bounded,,32,1274,safe_bounded,,4,0,0.000106553,0.000131292,,,0.000008629,94264,yes
generated-120,legacy-main-generated,main,1,3,8,1,5,72,safe_bounded,,,36,22,1,26,1298,retained-legacy-dense-and-interval-check-record,safe_bounded,,72,1589,safe_bounded,,10,0,0.000330318,0.000284383,,,0.000019880,94264,yes
generated-121,legacy-main-generated,main,1,2,6,1,4,40,optimal_bounded,3,0,20,18,1,37,1007,retained-legacy-dense-and-interval-check-record,optimal_bounded,3,40,1036,optimal_bounded,3,7,4,0.000169900,0.000192014,,,0.000016840,94264,yes
generated-122,legacy-main-generated,main,3,3,9,3,2,288,safe_bounded,,,72,34,1,15,1830,retained-legacy-dense-and-interval-check-record,safe_bounded,,288,2385,safe_bounded,,1,0,0.000365332,0.000326257,,,0.000005412,94264,yes
generated-123,legacy-main-generated,main,2,2,2,3,1,64,optimal_bounded,4,1,16,9,1,4,608,retained-legacy-dense-and-interval-check-record,optimal_bounded,4,64,654,optimal_bounded,4,6,4,0.000082141,0.000101271,,,0.000012198,94264,yes
generated-124,legacy-main-generated,main,3,4,4,0,2,96,safe_bounded,,,96,24,1,8,1665,retained-legacy-dense-and-interval-check-record,safe_bounded,,96,2430,safe_bounded,,2,0,0.000350309,0.000288959,,,0.000006110,94264,yes
generated-125,legacy-main-generated,main,1,3,9,3,5,144,optimal_bounded,0,1,36,32,1,64,1489,retained-legacy-dense-and-interval-check-record,optimal_bounded,0,144,1560,optimal_bounded,0,379,202,0.000340749,0.000290129,,,0.000248056,94264,yes
generated-126,legacy-main-generated,main,3,2,6,3,5,384,optimal_bounded,8,1,96,77,1,54,2153,retained-legacy-dense-and-interval-check-record,optimal_bounded,8,384,2529,optimal_bounded,8,55,6,0.000419715,0.000714154,,,0.000092338,94264,yes
generated-127,legacy-main-generated,main,3,2,6,1,4,160,optimal_bounded,0,0,80,72,2,292,1945,retained-legacy-dense-and-interval-check-record,optimal_bounded,0,160,2120,optimal_bounded,0,37,34,0.001663987,0.001535269,,,0.000033548,94264,yes
generated-128,legacy-main-generated,main,2,3,7,3,1,96,safe_bounded,,,24,11,1,10,1037,retained-legacy-dense-and-interval-check-record,safe_bounded,,96,1208,safe_bounded,,2,0,0.000146826,0.000165208,,,0.000007100,94264,yes
generated-129,legacy-main-generated,main,1,4,10,3,1,64,safe_bounded,,,16,5,1,1,1156,retained-legacy-dense-and-interval-check-record,safe_bounded,,64,1284,safe_bounded,,8,0,0.000205386,0.000146309,,,0.000012334,94264,yes
generated-130,legacy-main-generated,main,2,5,12,0,4,100,optimal_bounded,2,0,100,49,1,53,2536,retained-legacy-dense-and-interval-check-record,optimal_bounded,2,100,2970,optimal_bounded,2,10,4,0.000773395,0.000648827,,,0.000021746,94264,yes
generated-131,legacy-main-generated,main,2,4,5,3,3,256,safe_bounded,,,64,16,1,0,1348,retained-legacy-dense-and-interval-check-record,safe_bounded,,256,1857,safe_bounded,,1,0,0.000242372,0.000329454,,,0.000005393,94264,yes
generated-132,legacy-main-generated,main,1,5,11,2,5,180,optimal_bounded,3,2,60,44,1,69,1988,retained-legacy-dense-and-interval-check-record,optimal_bounded,3,180,2271,optimal_bounded,3,12,3,0.000645398,0.000588685,,,0.000025296,94264,yes
generated-133,legacy-main-generated,main,2,5,12,3,1,160,safe_bounded,,,40,10,1,2,1607,retained-legacy-dense-and-interval-check-record,safe_bounded,,160,1924,safe_bounded,,2,0,0.000303688,0.000326935,,,0.000008358,94264,yes
generated-134,legacy-main-generated,main,3,5,8,1,3,320,safe_bounded,,,160,45,1,13,2793,retained-legacy-dense-and-interval-check-record,safe_bounded,,320,4173,safe_bounded,,1,0,0.000683164,0.000833821,,,0.000005944,94264,yes
generated-135,legacy-main-generated,main,3,4,8,3,3,512,safe_bounded,,,128,32,1,0,2365,retained-legacy-dense-and-interval-check-record,safe_bounded,,512,3386,safe_bounded,,5,0,0.000826440,0.001027215,,,0.000015212,94264,yes
generated-136,legacy-main-generated,main,3,5,5,1,5,480,safe_bounded,,,240,58,1,10,3500,retained-legacy-dense-and-interval-check-record,safe_bounded,,480,5543,safe_bounded,,3,0,0.001234644,0.001067804,,,0.000011640,94264,yes
generated-137,legacy-main-generated,main,1,2,5,1,3,32,optimal_bounded,5,0,16,17,2,27,884,retained-legacy-dense-and-interval-check-record,optimal_bounded,5,32,911,optimal_bounded,5,4,2,0.000211825,0.000303451,,,0.000015771,94264,yes
generated-138,legacy-main-generated,main,2,3,6,1,2,72,safe_bounded,,,36,19,1,9,1130,retained-legacy-dense-and-interval-check-record,safe_bounded,,72,1346,safe_bounded,,1,0,0.000181942,0.000196922,,,0.000005747,94264,yes
generated-139,legacy-main-generated,main,3,2,6,0,2,48,safe_bounded,,,48,26,1,14,1293,retained-legacy-dense-and-interval-check-record,safe_bounded,,48,1562,safe_bounded,,4,0,0.000279139,0.000238735,,,0.000011915,94264,yes
generated-140,legacy-main-generated,main,1,2,4,2,2,36,optimal_bounded,0,1,12,10,1,8,720,retained-legacy-dense-and-interval-check-record,optimal_bounded,0,36,733,optimal_bounded,0,3,2,0.000128747,0.000320944,,,0.000013370,94264,yes
generated-141,legacy-main-generated,main,3,2,5,3,5,384,optimal_bounded,1,0,96,98,2,94,2172,retained-legacy-dense-and-interval-check-record,optimal_bounded,1,384,2323,optimal_bounded,1,5,4,0.000444822,0.000605207,,,0.000045755,94264,yes
generated-142,legacy-main-generated,main,1,5,12,2,4,150,safe_bounded,,,50,20,1,10,1767,retained-legacy-dense-and-interval-check-record,safe_bounded,,150,2137,safe_bounded,,72,0,0.000434314,0.000299960,,,0.000067387,94264,yes
generated-143,legacy-main-generated,main,1,3,3,1,5,72,optimal_bounded,1,0,36,17,1,5,950,retained-legacy-dense-and-interval-check-record,optimal_bounded,1,72,1096,optimal_bounded,1,3,1,0.000193480,0.000427639,,,0.000011141,94264,yes
generated-144,legacy-main-generated,main,1,5,12,0,4,50,safe_bounded,,,50,22,1,39,1781,retained-legacy-dense-and-interval-check-record,safe_bounded,,50,2102,safe_bounded,,2,0,0.000458673,0.000351342,,,0.000006801,94264,yes
generated-145,legacy-main-generated,main,3,5,5,0,4,200,safe_bounded,,,200,44,1,20,2991,retained-legacy-dense-and-interval-check-record,safe_bounded,,200,4636,safe_bounded,,2,0,0.000642580,0.000608233,,,0.000006549,94264,yes
generated-146,legacy-main-generated,main,1,3,7,0,1,12,safe_bounded,,,12,4,1,2,867,retained-legacy-dense-and-interval-check-record,safe_bounded,,12,952,safe_bounded,,4,0,0.000087023,0.000162254,,,0.000009159,94264,yes
generated-147,legacy-main-generated,main,2,3,6,0,2,36,safe_bounded,,,36,18,1,30,1126,retained-legacy-dense-and-interval-check-record,safe_bounded,,36,1339,safe_bounded,,1,0,0.000199235,0.000233997,,,0.000004850,94264,yes
generated-148,legacy-main-generated,main,3,5,5,3,3,640,safe_bounded,,,160,38,1,8,2522,retained-legacy-dense-and-interval-check-record,safe_bounded,,640,3815,safe_bounded,,3,0,0.000650628,0.000448586,,,0.000008700,94264,yes
generated-149,legacy-main-generated,main,1,2,4,2,5,72,optimal_bounded,1,1,24,21,1,21,914,retained-legacy-dense-and-interval-check-record,optimal_bounded,1,72,956,optimal_bounded,1,11,4,0.000147559,0.000176741,,,0.000021174,94264,yes
generated-150,legacy-main-generated,main,2,4,7,2,3,192,optimal_bounded,1,1,64,30,1,28,1640,retained-legacy-dense-and-interval-check-record,optimal_bounded,1,192,1917,optimal_bounded,1,3,1,0.000325800,0.000340069,,,0.000011805,94264,yes
generated-151,legacy-main-generated,main,3,5,8,2,5,720,safe_bounded,,,240,93,1,61,3910,retained-legacy-dense-and-interval-check-record,safe_bounded,,720,5673,safe_bounded,,1,0,0.001422237,0.000921987,,,0.000006973,94264,yes
generated-152,legacy-main-generated,main,3,5,7,3,1,320,safe_bounded,,,80,23,2,7,1723,retained-legacy-dense-and-interval-check-record,safe_bounded,,320,2367,safe_bounded,,2,0,0.000552004,0.000286782,,,0.000008745,94264,yes
generated-153,legacy-main-generated,main,1,5,5,3,5,240,safe_bounded,,,60,17,1,5,1314,retained-legacy-dense-and-interval-check-record,safe_bounded,,240,1830,safe_bounded,,2,0,0.000284543,0.000324361,,,0.000008112,94264,yes
generated-154,legacy-main-generated,main,2,3,6,1,1,48,safe_bounded,,,24,10,1,2,948,retained-legacy-dense-and-interval-check-record,safe_bounded,,48,1127,safe_bounded,,1,0,0.000110663,0.000146101,,,0.000005328,94264,yes
generated-155,legacy-main-generated,main,3,4,10,3,3,512,optimal_bounded,7,1,128,66,2,62,2764,retained-legacy-dense-and-interval-check-record,optimal_bounded,7,512,3372,optimal_bounded,7,3,1,0.001293247,0.000705610,,,0.000014872,94264,yes
generated-156,legacy-main-generated,main,2,5,8,2,1,120,safe_bounded,,,40,10,1,2,1298,retained-legacy-dense-and-interval-check-record,safe_bounded,,120,1615,safe_bounded,,2,0,0.000188915,0.000308560,,,0.000006778,94264,yes
generated-157,legacy-main-generated,main,1,5,7,1,3,80,safe_bounded,,,40,11,1,7,1222,retained-legacy-dense-and-interval-check-record,safe_bounded,,80,1564,safe_bounded,,6,0,0.000267415,0.000317631,,,0.000013241,94264,yes
generated-158,legacy-main-generated,main,1,3,3,1,1,24,safe_bounded,,,12,5,1,2,564,retained-legacy-dense-and-interval-check-record,safe_bounded,,24,641,safe_bounded,,1,0,0.000075836,0.000090334,,,0.000005266,94264,yes
generated-159,legacy-main-generated,main,1,5,12,2,3,120,optimal_bounded,1,0,40,19,1,16,1720,retained-legacy-dense-and-interval-check-record,optimal_bounded,1,120,1884,optimal_bounded,1,26,2,0.000385720,0.000275391,,,0.000032979,94264,yes
generated-160,legacy-main-generated,main,3,2,4,2,1,96,safe_bounded,,,32,16,1,0,911,retained-legacy-dense-and-interval-check-record,safe_bounded,,96,1100,safe_bounded,,4,0,0.000169729,0.000145225,,,0.000010011,94264,yes
generated-161,legacy-main-generated,main,3,3,4,1,4,240,optimal_bounded,7,1,120,47,1,9,2103,retained-legacy-dense-and-interval-check-record,optimal_bounded,7,240,2719,optimal_bounded,7,5,1,0.000447100,0.000465104,,,0.000016854,94264,yes
generated-162,legacy-main-generated,main,3,2,7,3,2,192,optimal_bounded,0,0,48,38,1,46,1490,retained-legacy-dense-and-interval-check-record,optimal_bounded,0,192,1615,optimal_bounded,0,7,5,0.000685418,0.000372437,,,0.000023881,94264,yes
generated-163,legacy-main-generated,main,3,5,7,0,3,160,optimal_bounded,4,0,160,41,1,18,2756,retained-legacy-dense-and-interval-check-record,optimal_bounded,4,160,3650,optimal_bounded,4,4,2,0.000641775,0.000509582,,,0.000014021,94264,yes
generated-164,legacy-main-generated,main,3,2,4,0,4,80,optimal_bounded,0,0,80,68,1,78,1762,retained-legacy-dense-and-interval-check-record,optimal_bounded,0,80,1961,optimal_bounded,0,3,2,0.000342846,0.000431632,,,0.000013813,94264,yes
generated-165,legacy-main-generated,main,1,2,7,2,1,24,optimal_bounded,0,0,8,5,1,4,888,retained-legacy-dense-and-interval-check-record,optimal_bounded,0,24,898,optimal_bounded,0,11,4,0.000084515,0.000113065,,,0.000017910,94264,yes
generated-166,legacy-main-generated,main,3,3,7,0,5,144,safe_bounded,,,144,73,1,78,2665,retained-legacy-dense-and-interval-check-record,safe_bounded,,144,3518,safe_bounded,,1,0,0.000817207,0.000696519,,,0.000006512,94264,yes
generated-167,legacy-main-generated,main,1,3,5,0,2,18,optimal_bounded,5,0,18,9,1,4,872,retained-legacy-dense-and-interval-check-record,optimal_bounded,5,18,932,optimal_bounded,5,3,1,0.000117497,0.000164947,,,0.000011114,94264,yes
generated-168,legacy-main-generated,main,3,2,4,3,1,128,optimal_bounded,2,0,32,23,1,7,1007,retained-legacy-dense-and-interval-check-record,optimal_bounded,2,128,1095,optimal_bounded,2,2,1,0.000173109,0.000162771,,,0.000009653,94264,yes
generated-169,legacy-main-generated,main,3,4,6,1,2,192,optimal_bounded,4,0,96,31,1,7,1918,retained-legacy-dense-and-interval-check-record,optimal_bounded,4,192,2414,optimal_bounded,4,7,1,0.000350502,0.000332126,,,0.000018934,94264,yes
generated-170,legacy-main-generated,main,3,4,9,2,1,192,safe_bounded,,,64,17,1,1,1671,retained-legacy-dense-and-interval-check-record,safe_bounded,,192,2172,safe_bounded,,3,0,0.000250157,0.000252876,,,0.000008607,94264,yes
generated-171,legacy-main-generated,main,2,5,6,1,5,240,safe_bounded,,,120,34,1,10,2136,retained-legacy-dense-and-interval-check-record,safe_bounded,,240,3171,safe_bounded,,1,0,0.000476132,0.000409653,,,0.000005277,94264,yes
generated-172,legacy-main-generated,main,1,4,7,2,2,72,optimal_bounded,0,1,24,11,1,7,1103,retained-legacy-dense-and-interval-check-record,optimal_bounded,0,72,1195,optimal_bounded,0,4,1,0.000158999,0.000207807,,,0.000012716,94264,yes
generated-173,legacy-main-generated,main,2,4,9,2,2,144,safe_bounded,,,48,22,1,19,1520,retained-legacy-dense-and-interval-check-record,safe_bounded,,144,1887,safe_bounded,,3,0,0.000403803,0.000389500,,,0.000009641,94264,yes
generated-174,legacy-main-generated,main,2,2,2,0,5,48,safe_bounded,,,48,24,1,5,971,retained-legacy-dense-and-interval-check-record,safe_bounded,,48,1256,safe_bounded,,1,0,0.000143696,0.000180930,,,0.000004859,94264,yes
generated-175,legacy-main-generated,main,1,5,5,0,2,30,safe_bounded,,,30,6,1,4,930,retained-legacy-dense-and-interval-check-record,safe_bounded,,30,1179,safe_bounded,,1,0,0.000142233,0.000146688,,,0.000005150,94264,yes
generated-176,legacy-main-generated,main,1,2,3,2,3,48,optimal_bounded,3,1,16,17,2,13,728,retained-legacy-dense-and-interval-check-record,optimal_bounded,3,48,731,optimal_bounded,3,11,5,0.000107189,0.000169446,,,0.000019739,94264,yes
generated-177,legacy-main-generated,main,2,3,6,3,2,144,safe_bounded,,,36,20,1,16,1138,retained-legacy-dense-and-interval-check-record,safe_bounded,,144,1379,safe_bounded,,1,0,0.000177578,0.000197224,,,0.000004915,94264,yes
generated-178,legacy-main-generated,main,3,2,5,1,5,192,optimal_bounded,0,0,96,73,1,62,2039,retained-legacy-dense-and-interval-check-record,optimal_bounded,0,192,2325,optimal_bounded,0,24,9,0.000406429,0.000491603,,,0.000049922,94264,yes
generated-179,legacy-main-generated,main,1,3,9,3,1,48,optimal_bounded,0,1,12,7,2,3,1104,retained-legacy-dense-and-interval-check-record,optimal_bounded,0,48,1131,optimal_bounded,0,7,2,0.000121931,0.000148490,,,0.000014877,94264,yes
generated-180,legacy-main-generated,main,1,3,8,0,1,12,safe_bounded,,,12,6,1,3,957,retained-legacy-dense-and-interval-check-record,safe_bounded,,12,1026,safe_bounded,,5,0,0.000098612,0.000128758,,,0.000008982,94264,yes
generated-181,legacy-main-generated,main,1,2,4,1,1,16,optimal_bounded,2,1,8,7,2,3,667,retained-legacy-dense-and-interval-check-record,optimal_bounded,2,16,666,optimal_bounded,2,7,3,0.000070760,0.000130116,,,0.000016434,94264,yes
generated-182,legacy-main-generated,main,2,5,8,2,5,360,safe_bounded,,,120,54,1,30,2391,retained-legacy-dense-and-interval-check-record,safe_bounded,,360,3321,safe_bounded,,1,0,0.000674573,0.000485279,,,0.000005820,94264,yes
generated-183,legacy-main-generated,main,1,2,7,2,4,60,optimal_bounded,0,0,20,18,1,41,1086,retained-legacy-dense-and-interval-check-record,optimal_bounded,0,60,1115,optimal_bounded,0,9,4,0.000213496,0.000208679,,,0.000018945,94264,yes
generated-184,legacy-main-generated,main,1,4,7,2,2,72,optimal_bounded,1,1,24,10,1,5,1097,retained-legacy-dense-and-interval-check-record,optimal_bounded,1,72,1194,optimal_bounded,1,11,2,0.000331626,0.000167235,,,0.000020255,94264,yes
generated-185,legacy-main-generated,main,1,2,3,3,4,80,optimal_bounded,3,0,20,14,1,7,754,retained-legacy-dense-and-interval-check-record,optimal_bounded,3,80,803,optimal_bounded,3,13,4,0.000105090,0.000128628,,,0.000020049,94264,yes
generated-186,legacy-main-generated,main,3,4,10,2,2,288,safe_bounded,,,96,35,1,25,2191,retained-legacy-dense-and-interval-check-record,safe_bounded,,288,2901,safe_bounded,,1,0,0.000636382,0.000475360,,,0.000005780,94392,yes
generated-187,legacy-main-generated,main,2,4,6,3,5,384,safe_bounded,,,96,57,1,43,1985,retained-legacy-dense-and-interval-check-record,safe_bounded,,384,2607,safe_bounded,,1,0,0.000451544,0.000508503,,,0.000006160,94392,yes
generated-188,legacy-main-generated,main,2,3,3,2,3,144,safe_bounded,,,48,16,1,0,1013,retained-legacy-dense-and-interval-check-record,safe_bounded,,144,1362,safe_bounded,,4,0,0.000153703,0.000178727,,,0.000009255,94392,yes
generated-189,legacy-main-generated,main,3,5,9,0,2,120,safe_bounded,,,120,38,1,18,2396,retained-legacy-dense-and-interval-check-record,safe_bounded,,120,3289,safe_bounded,,2,0,0.000628852,0.000426579,,,0.000006939,94392,yes
generated-190,legacy-main-generated,main,1,2,4,2,2,36,optimal_bounded,4,1,12,10,1,8,723,retained-legacy-dense-and-interval-check-record,optimal_bounded,4,36,736,optimal_bounded,4,18,6,0.000235477,0.000123377,,,0.000025035,94392,yes
generated-191,legacy-main-generated,main,2,3,9,0,3,48,safe_bounded,,,48,25,1,13,1526,retained-legacy-dense-and-interval-check-record,safe_bounded,,48,1803,safe_bounded,,5,0,0.000294057,0.000262777,,,0.000011211,94392,yes
generated-192,legacy-main-generated,main,2,4,5,1,4,160,safe_bounded,,,80,20,1,0,1543,retained-legacy-dense-and-interval-check-record,safe_bounded,,160,2180,safe_bounded,,1,0,0.000577736,0.000282087,,,0.000004946,94392,yes
generated-193,legacy-main-generated,main,1,5,9,2,5,180,optimal_bounded,2,0,60,32,1,20,1764,retained-legacy-dense-and-interval-check-record,optimal_bounded,2,180,2043,optimal_bounded,2,14,1,0.000430290,0.000634310,,,0.000022694,94392,yes
generated-194,legacy-main-generated,main,3,2,3,1,4,160,safe_bounded,,,80,54,1,25,1553,retained-legacy-dense-and-interval-check-record,safe_bounded,,160,1918,safe_bounded,,1,0,0.000253515,0.000341654,,,0.000045102,94392,yes
generated-195,legacy-main-generated,main,1,5,8,2,2,90,optimal_bounded,5,0,30,16,1,15,1287,retained-legacy-dense-and-interval-check-record,optimal_bounded,5,90,1404,optimal_bounded,5,4,1,0.000551736,0.000208198,,,0.000012792,94392,yes
generated-196,legacy-main-generated,main,1,2,5,1,1,16,optimal_bounded,1,0,8,6,1,4,734,retained-legacy-dense-and-interval-check-record,optimal_bounded,1,16,739,optimal_bounded,1,6,3,0.000082353,0.000104091,,,0.000014736,94392,yes
generated-197,legacy-main-generated,main,1,2,3,1,3,32,optimal_bounded,0,0,16,14,1,9,710,retained-legacy-dense-and-interval-check-record,optimal_bounded,0,32,731,optimal_bounded,0,5,3,0.000094354,0.000123348,,,0.000013113,94392,yes
generated-198,legacy-main-generated,main,3,2,7,0,4,80,optimal_bounded,2,0,80,67,1,346,1995,retained-legacy-dense-and-interval-check-record,optimal_bounded,2,80,2199,optimal_bounded,2,1104,744,0.000942161,0.000786400,,,0.000524930,94392,yes
generated-199,legacy-main-generated,main,3,4,10,2,2,288,safe_bounded,,,96,24,1,0,2133,retained-legacy-dense-and-interval-check-record,safe_bounded,,288,2898,safe_bounded,,49,0,0.000545787,0.000454144,,,0.000042731,94392,yes
generated-200,legacy-main-generated,main,1,2,7,2,1,24,optimal_bounded,4,1,8,5,1,2,886,retained-legacy-dense-and-interval-check-record,optimal_bounded,4,24,896,optimal_bounded,4,7,2,0.000087170,0.000116420,,,0.000014605,94392,yes
generated-201,legacy-main-generated,main,3,2,4,1,1,64,optimal_bounded,4,1,32,20,1,33,995,retained-legacy-dense-and-interval-check-record,optimal_bounded,4,64,1106,optimal_bounded,4,19,16,0.000170497,0.000190665,,,0.000017091,94392,yes
generated-202,legacy-main-generated,main,3,5,12,0,2,120,safe_bounded,,,120,24,1,2,2556,retained-legacy-dense-and-interval-check-record,safe_bounded,,120,3561,safe_bounded,,2,0,0.000665593,0.000842264,,,0.000008046,94392,yes
generated-203,legacy-main-generated,main,1,2,5,0,2,12,safe_bounded,,,12,6,1,6,718,retained-legacy-dense-and-interval-check-record,safe_bounded,,12,787,safe_bounded,,3,0,0.000087887,0.000417018,,,0.000013460,94392,yes
generated-204,legacy-main-generated,main,1,5,8,2,4,150,safe_bounded,,,50,27,1,28,1490,retained-legacy-dense-and-interval-check-record,safe_bounded,,150,1958,safe_bounded,,2,0,0.000381324,0.000277637,,,0.000006342,94392,yes
generated-205,legacy-main-generated,main,2,5,6,0,2,60,optimal_bounded,2,0,60,16,1,24,1453,retained-legacy-dense-and-interval-check-record,optimal_bounded,2,60,1772,optimal_bounded,2,10,8,0.000265943,0.000246329,,,0.000013601,94392,yes
generated-206,legacy-main-generated,main,1,2,4,0,1,8,safe_bounded,,,8,5,1,2,590,retained-legacy-dense-and-interval-check-record,safe_bounded,,8,627,safe_bounded,,4,0,0.000065057,0.000090849,,,0.000007925,94392,yes
generated-207,legacy-main-generated,main,3,3,4,2,3,288,optimal_bounded,0,1,96,41,1,72,1809,retained-legacy-dense-and-interval-check-record,optimal_bounded,0,288,2255,optimal_bounded,0,14,8,0.000437960,0.000497404,,,0.000020291,94392,yes
generated-208,legacy-main-generated,main,3,4,7,2,5,576,safe_bounded,,,192,77,1,29,3217,retained-legacy-dense-and-interval-check-record,safe_bounded,,576,4837,safe_bounded,,2,0,0.000779055,0.000688842,,,0.000006861,94392,yes
generated-209,legacy-main-generated,main,1,2,6,3,3,64,optimal_bounded,1,0,16,14,1,17,941,retained-legacy-dense-and-interval-check-record,optimal_bounded,1,64,962,optimal_bounded,1,2,1,0.000159746,0.000152102,,,0.000009214,94392,yes
generated-210,legacy-main-generated,main,1,5,11,2,5,180,optimal_bounded,5,0,60,55,2,88,2047,retained-legacy-dense-and-interval-check-record,optimal_bounded,5,180,2167,optimal_bounded,5,23,13,0.000525163,0.000416973,,,0.000031689,94392,yes
generated-211,legacy-main-generated,main,3,4,7,3,5,768,safe_bounded,,,192,92,1,57,3293,retained-legacy-dense-and-interval-check-record,safe_bounded,,768,4529,safe_bounded,,2,0,0.000867365,0.000750521,,,0.000006438,94392,yes
generated-212,legacy-main-generated,main,3,5,5,2,2,360,safe_bounded,,,120,26,1,16,2024,retained-legacy-dense-and-interval-check-record,safe_bounded,,360,3013,safe_bounded,,2,0,0.000432157,0.000361513,,,0.000006127,94392,yes
generated-213,legacy-main-generated,main,2,3,4,1,1,48,optimal_bounded,2,1,24,10,1,2,860,retained-legacy-dense-and-interval-check-record,optimal_bounded,2,48,957,optimal_bounded,2,2,1,0.000113604,0.000141522,,,0.000009758,94392,yes
generated-214,legacy-main-generated,main,2,4,8,1,2,96,safe_bounded,,,48,14,1,8,1396,retained-legacy-dense-and-interval-check-record,safe_bounded,,96,1761,safe_bounded,,1,0,0.000228508,0.000226245,,,0.000005299,94392,yes
generated-215,legacy-main-generated,main,3,2,4,0,4,80,optimal_bounded,3,0,80,68,1,60,1761,retained-legacy-dense-and-interval-check-record,optimal_bounded,3,80,1960,optimal_bounded,3,3,2,0.000315816,0.000487127,,,0.000014376,94392,yes
generated-216,legacy-main-generated,main,3,3,4,2,4,360,safe_bounded,,,120,44,1,32,2026,retained-legacy-dense-and-interval-check-record,safe_bounded,,360,2915,safe_bounded,,2,0,0.000452200,0.000406900,,,0.000006124,94392,yes
generated-217,legacy-main-generated,main,1,4,6,1,1,32,optimal_bounded,5,0,16,8,1,5,926,retained-legacy-dense-and-interval-check-record,optimal_bounded,5,32,993,optimal_bounded,5,7,2,0.000111591,0.000135019,,,0.000014385,94392,yes
generated-218,legacy-main-generated,main,1,4,5,3,2,96,optimal_bounded,0,1,24,15,1,10,966,retained-legacy-dense-and-interval-check-record,optimal_bounded,0,96,1038,optimal_bounded,0,2,1,0.000142206,0.000161612,,,0.000010054,94392,yes
generated-219,legacy-main-generated,main,3,4,4,0,5,192,safe_bounded,,,192,48,1,0,2839,retained-legacy-dense-and-interval-check-record,safe_bounded,,192,4372,safe_bounded,,1,0,0.000646649,0.000541057,,,0.000005235,94392,yes
generated-220,legacy-main-generated,main,3,3,4,1,1,96,safe_bounded,,,48,17,1,2,1093,retained-legacy-dense-and-interval-check-record,safe_bounded,,96,1434,safe_bounded,,1,0,0.000137441,0.000174799,,,0.000004930,94392,yes
generated-221,legacy-main-generated,main,2,3,3,0,4,60,safe_bounded,,,60,27,1,19,1204,retained-legacy-dense-and-interval-check-record,safe_bounded,,60,1585,safe_bounded,,2,0,0.000573318,0.000232954,,,0.000006537,94392,yes
generated-222,legacy-main-generated,main,1,2,4,1,2,24,optimal_bounded,2,0,12,8,1,9,712,retained-legacy-dense-and-interval-check-record,optimal_bounded,2,24,735,optimal_bounded,2,8,6,0.000193747,0.000161182,,,0.000018793,94392,yes
generated-223,legacy-main-generated,main,2,4,11,1,1,64,safe_bounded,,,32,13,1,13,1456,retained-legacy-dense-and-interval-check-record,safe_bounded,,64,1702,safe_bounded,,2,0,0.000306270,0.000218388,,,0.000007737,94392,yes
generated-224,legacy-main-generated,main,1,2,5,3,2,48,optimal_bounded,0,0,12,10,1,14,807,retained-legacy-dense-and-interval-check-record,optimal_bounded,0,48,820,optimal_bounded,0,18,12,0.000143100,0.000136009,,,0.000024351,94392,yes
generated-225,legacy-main-generated,main,1,3,8,1,4,60,safe_bounded,,,30,22,2,27,1239,retained-legacy-dense-and-interval-check-record,safe_bounded,,60,1400,safe_bounded,,3,0,0.000688710,0.000230395,,,0.000010325,94392,yes
generated-226,legacy-main-generated,main,1,5,13,2,1,60,safe_bounded,,,20,9,1,7,1468,retained-legacy-dense-and-interval-check-record,safe_bounded,,60,1604,safe_bounded,,3,0,0.000164406,0.000187935,,,0.000008322,94392,yes
generated-227,legacy-main-generated,main,3,5,10,3,3,640,safe_bounded,,,160,41,1,72,2927,retained-legacy-dense-and-interval-check-record,safe_bounded,,640,4196,safe_bounded,,4,0,0.001280961,0.000721210,,,0.000012560,94392,yes
generated-228,legacy-main-generated,main,3,3,4,2,3,288,safe_bounded,,,96,56,2,24,1822,retained-legacy-dense-and-interval-check-record,safe_bounded,,288,2524,safe_bounded,,1,0,0.000316679,0.000389558,,,0.000005900,94392,yes
generated-229,legacy-main-generated,main,1,3,7,0,2,18,safe_bounded,,,18,6,1,14,942,retained-legacy-dense-and-interval-check-record,safe_bounded,,18,1071,safe_bounded,,2,0,0.000124362,0.000145121,,,0.000038962,94392,yes
generated-230,legacy-main-generated,main,2,3,9,2,2,108,optimal_bounded,5,0,36,23,1,28,1446,retained-legacy-dense-and-interval-check-record,optimal_bounded,5,108,1570,optimal_bounded,5,8,3,0.000254054,0.000256018,,,0.000019130,94392,yes
generated-231,legacy-main-generated,main,1,2,5,1,4,40,optimal_bounded,2,1,20,18,2,12,934,retained-legacy-dense-and-interval-check-record,optimal_bounded,2,40,959,optimal_bounded,2,35,3,0.000129667,0.000161170,,,0.000036624,94392,yes
generated-232,legacy-main-generated,main,1,4,7,1,1,32,optimal_bounded,1,0,16,6,1,2,991,retained-legacy-dense-and-interval-check-record,optimal_bounded,1,32,1052,optimal_bounded,1,2,1,0.000109592,0.000166914,,,0.000009130,94392,yes
generated-233,legacy-main-generated,main,3,3,4,0,1,48,safe_bounded,,,48,16,1,7,1089,retained-legacy-dense-and-interval-check-record,safe_bounded,,48,1438,safe_bounded,,2,0,0.000150603,0.000177732,,,0.000007695,94392,yes
generated-234,legacy-main-generated,main,2,4,4,0,5,96,safe_bounded,,,96,24,1,0,1663,retained-legacy-dense-and-interval-check-record,safe_bounded,,96,2428,safe_bounded,,1,0,0.000333614,0.000313406,,,0.000005560,94392,yes
generated-235,legacy-main-generated,main,3,4,4,0,2,96,safe_bounded,,,96,24,1,2,1662,retained-legacy-dense-and-interval-check-record,safe_bounded,,96,2427,safe_bounded,,1,0,0.000323673,0.000520352,,,0.000006212,94392,yes
generated-236,legacy-main-generated,main,2,4,9,2,2,144,safe_bounded,,,48,22,2,16,1521,retained-legacy-dense-and-interval-check-record,safe_bounded,,144,1897,safe_bounded,,2,0,0.000303678,0.000285765,,,0.000006684,94392,yes
generated-237,legacy-main-generated,main,1,5,8,1,1,40,safe_bounded,,,20,7,1,3,1059,retained-legacy-dense-and-interval-check-record,safe_bounded,,40,1233,safe_bounded,,1,0,0.000119825,0.000142723,,,0.000005477,94392,yes
generated-238,legacy-main-generated,main,1,4,10,0,4,40,optimal_bounded,4,0,40,22,1,32,1569,retained-legacy-dense-and-interval-check-record,optimal_bounded,4,40,1718,optimal_bounded,4,6,3,0.000302243,0.000281407,,,0.000016319,94392,yes
generated-239,legacy-main-generated,main,1,2,7,3,4,80,optimal_bounded,3,0,20,18,1,46,1084,retained-legacy-dense-and-interval-check-record,optimal_bounded,3,80,1113,optimal_bounded,3,649,338,0.000194631,0.000294751,,,0.000437296,94392,yes
generated-240,legacy-main-generated,main,1,2,4,0,4,20,safe_bounded,,,20,10,1,0,749,retained-legacy-dense-and-interval-check-record,safe_bounded,,20,866,safe_bounded,,1,0,0.000110919,0.000131734,,,0.000004975,94392,yes
generated-241,legacy-main-generated,main,2,2,7,3,4,160,optimal_bounded,2,1,40,39,2,116,1414,retained-legacy-dense-and-interval-check-record,optimal_bounded,2,160,1475,optimal_bounded,2,147,120,0.000390906,0.000364275,,,0.000107630,94392,yes
generated-242,legacy-main-generated,main,1,4,11,0,1,16,optimal_bounded,5,0,16,7,1,6,1309,retained-legacy-dense-and-interval-check-record,optimal_bounded,5,16,1365,optimal_bounded,5,3,1,0.000136658,0.000163716,,,0.000011131,94392,yes
generated-243,legacy-main-generated,main,2,4,4,3,4,320,safe_bounded,,,80,20,1,0,1472,retained-legacy-dense-and-interval-check-record,safe_bounded,,320,2109,safe_bounded,,9,0,0.000293263,0.000305662,,,0.000013352,94392,yes
generated-244,legacy-main-generated,main,2,5,12,1,4,200,optimal_bounded,0,1,100,42,1,56,2500,retained-legacy-dense-and-interval-check-record,optimal_bounded,0,200,2969,optimal_bounded,0,4,1,0.000751386,0.000538464,,,0.000013579,94392,yes
generated-245,legacy-main-generated,main,2,3,6,3,3,192,optimal_bounded,4,0,48,30,1,42,1381,retained-legacy-dense-and-interval-check-record,optimal_bounded,4,192,1546,optimal_bounded,4,141,31,0.000281174,0.000317120,,,0.000113325,94392,yes
generated-246,legacy-main-generated,main,3,2,5,3,1,128,optimal_bounded,3,0,32,21,1,5,1078,retained-legacy-dense-and-interval-check-record,optimal_bounded,3,128,1176,optimal_bounded,3,22,1,0.000161343,0.004086863,,,0.000024853,94392,yes
generated-247,legacy-main-generated,main,2,5,5,2,2,180,safe_bounded,,,60,12,1,0,1292,retained-legacy-dense-and-interval-check-record,safe_bounded,,180,1793,safe_bounded,,2,0,0.000236579,0.000221659,,,0.000006516,94392,yes
generated-248,legacy-main-generated,main,3,5,12,2,3,480,safe_bounded,,,160,53,1,71,3146,retained-legacy-dense-and-interval-check-record,safe_bounded,,480,4484,safe_bounded,,4,0,0.001164224,0.000839166,,,0.000016183,94520,yes
generated-249,legacy-main-generated,main,3,4,8,1,1,128,optimal_bounded,0,0,64,24,1,24,1687,retained-legacy-dense-and-interval-check-record,optimal_bounded,0,128,1994,optimal_bounded,0,12,10,0.000286919,0.000328005,,,0.000020111,94520,yes
generated-250,legacy-main-generated,main,2,5,7,1,5,240,safe_bounded,,,120,24,1,0,2161,retained-legacy-dense-and-interval-check-record,safe_bounded,,240,3166,safe_bounded,,2,0,0.000514975,0.000404134,,,0.000007842,94520,yes
generated-251,legacy-main-generated,main,3,5,11,3,3,640,optimal_bounded,1,0,160,56,1,24,3141,retained-legacy-dense-and-interval-check-record,optimal_bounded,1,640,3960,optimal_bounded,1,5,1,0.001075604,0.000678764,,,0.000017698,94520,yes
generated-252,legacy-main-generated,main,3,2,4,3,3,256,optimal_bounded,0,0,64,55,1,39,1520,retained-legacy-dense-and-interval-check-record,optimal_bounded,0,256,1672,optimal_bounded,0,5,2,0.000300950,0.000311163,,,0.000017351,94520,yes
generated-253,legacy-main-generated,main,2,5,7,1,1,80,safe_bounded,,,40,8,1,0,1206,retained-legacy-dense-and-interval-check-record,safe_bounded,,80,1539,safe_bounded,,1,0,0.000181987,0.000168771,,,0.000004710,94520,yes
generated-254,legacy-main-generated,main,3,4,8,0,1,64,safe_bounded,,,64,16,1,0,1586,retained-legacy-dense-and-interval-check-record,safe_bounded,,64,2095,safe_bounded,,4,0,0.000266443,0.000334748,,,0.000010718,94520,yes
generated-255,legacy-main-generated,main,2,2,7,3,4,160,optimal_bounded,0,1,40,44,2,67,1439,retained-legacy-dense-and-interval-check-record,optimal_bounded,0,160,1470,optimal_bounded,0,44,29,0.000280978,0.000414738,,,0.000062720,94520,yes
generated-256,legacy-main-generated,main,2,5,11,1,2,120,safe_bounded,,,60,25,1,16,1825,retained-legacy-dense-and-interval-check-record,safe_bounded,,120,2365,safe_bounded,,10,0,0.000388733,0.000304112,,,0.000016247,94520,yes
generated-257,legacy-main-generated,main,2,4,5,1,1,64,optimal_bounded,2,0,32,10,1,5,1035,retained-legacy-dense-and-interval-check-record,optimal_bounded,2,64,1188,optimal_bounded,2,9,5,0.000139729,0.000190598,,,0.000016378,94520,yes
generated-258,legacy-main-generated,main,1,2,6,0,5,24,optimal_bounded,2,0,24,17,1,38,1045,retained-legacy-dense-and-interval-check-record,optimal_bounded,2,24,1107,optimal_bounded,2,95,31,0.000267734,0.000243754,,,0.000151317,94520,yes
generated-259,legacy-main-generated,main,3,2,2,1,4,160,optimal_bounded,0,0,80,56,1,16,1545,retained-legacy-dense-and-interval-check-record,optimal_bounded,0,160,1804,optimal_bounded,0,2,1,0.000552925,0.000294470,,,0.000010926,94520,yes
generated-260,legacy-main-generated,main,1,3,6,1,1,24,optimal_bounded,0,0,12,7,1,4,864,retained-legacy-dense-and-interval-check-record,optimal_bounded,0,24,892,optimal_bounded,0,3,1,0.000098920,0.000156110,,,0.000010226,94520,yes
generated-261,legacy-main-generated,main,1,5,7,1,2,60,optimal_bounded,4,1,30,12,1,8,1178,retained-legacy-dense-and-interval-check-record,optimal_bounded,4,60,1307,optimal_bounded,4,5,2,0.000225998,0.000227630,,,0.000014766,94520,yes
generated-262,legacy-main-generated,main,3,4,10,0,2,96,safe_bounded,,,96,24,1,52,2131,retained-legacy-dense-and-interval-check-record,safe_bounded,,96,2896,safe_bounded,,1,0,0.000657713,0.000403628,,,0.000005488,94520,yes
generated-263,legacy-main-generated,main,2,5,11,0,1,40,safe_bounded,,,40,8,1,1,1520,retained-legacy-dense-and-interval-check-record,safe_bounded,,40,1853,safe_bounded,,2,0,0.000194136,0.000273296,,,0.000008054,94520,yes
generated-264,legacy-main-generated,main,3,4,7,2,2,288,safe_bounded,,,96,24,1,0,1899,retained-legacy-dense-and-interval-check-record,safe_bounded,,288,2664,safe_bounded,,11,0,0.004368121,0.000360238,,,0.000014487,94520,yes
generated-265,legacy-main-generated,main,2,5,10,1,2,120,safe_bounded,,,60,21,2,15,1725,retained-legacy-dense-and-interval-check-record,safe_bounded,,120,2208,safe_bounded,,2,0,0.000326515,0.000284343,,,0.000008389,94520,yes
generated-266,legacy-main-generated,main,3,2,7,3,5,384,optimal_bounded,1,1,96,105,2,113,2375,retained-legacy-dense-and-interval-check-record,optimal_bounded,1,384,2480,optimal_bounded,1,18,9,0.000614630,0.000810870,,,0.000042438,94520,yes
generated-267,legacy-main-generated,main,1,3,6,2,2,54,optimal_bounded,4,1,18,9,1,4,946,retained-legacy-dense-and-interval-check-record,optimal_bounded,4,54,1006,optimal_bounded,4,15,2,0.000131994,0.000148816,,,0.000021438,94520,yes
generated-268,legacy-main-generated,main,1,4,10,0,2,24,optimal_bounded,3,0,24,14,1,14,1354,retained-legacy-dense-and-interval-check-record,optimal_bounded,3,24,1431,optimal_bounded,3,5,2,0.000182086,0.000230796,,,0.000014863,94520,yes
generated-269,legacy-main-generated,main,1,2,2,2,2,36,optimal_bounded,3,0,12,8,1,2,560,retained-legacy-dense-and-interval-check-record,optimal_bounded,3,36,583,optimal_bounded,3,5,1,0.000067876,0.000094126,,,0.000011702,94520,yes
generated-270,legacy-main-generated,main,2,3,9,3,1,96,safe_bounded,,,24,13,1,15,1204,retained-legacy-dense-and-interval-check-record,safe_bounded,,96,1392,safe_bounded,,11,0,0.000233894,0.000213198,,,0.000012762,94520,yes
generated-271,legacy-main-generated,main,3,5,10,3,4,800,safe_bounded,,,200,61,1,25,3471,retained-legacy-dense-and-interval-check-record,safe_bounded,,800,5046,safe_bounded,,62,0,0.001168684,0.000772327,,,0.000077719,94520,yes
generated-272,legacy-main-generated,main,2,5,6,0,3,80,safe_bounded,,,80,22,1,9,1638,retained-legacy-dense-and-interval-check-record,safe_bounded,,80,2259,safe_bounded,,1,0,0.000457572,0.000353053,,,0.000006834,94520,yes
generated-273,legacy-main-generated,main,3,3,8,2,3,288,safe_bounded,,,96,53,1,30,2122,retained-legacy-dense-and-interval-check-record,safe_bounded,,288,2886,safe_bounded,,1,0,0.000712923,0.000493181,,,0.000005974,94520,yes
generated-274,legacy-main-generated,main,2,3,5,2,5,216,safe_bounded,,,72,33,1,12,1520,retained-legacy-dense-and-interval-check-record,safe_bounded,,216,1973,safe_bounded,,7,0,0.002971576,0.000311050,,,0.000014174,94520,yes
generated-275,legacy-main-generated,main,3,2,7,2,3,192,optimal_bounded,0,0,64,53,2,43,1745,retained-legacy-dense-and-interval-check-record,optimal_bounded,0,192,1905,optimal_bounded,0,13,4,0.000414805,0.000369994,,,0.000032906,94520,yes
generated-276,legacy-main-generated,main,1,4,7,0,4,40,optimal_bounded,1,0,40,18,1,34,1318,retained-legacy-dense-and-interval-check-record,optimal_bounded,1,40,1487,optimal_bounded,1,6,4,0.000275005,0.000254109,,,0.000017397,94520,yes
generated-277,legacy-main-generated,main,1,2,3,3,4,80,safe_bounded,,,20,14,1,10,689,retained-legacy-dense-and-interval-check-record,safe_bounded,,80,774,safe_bounded,,1,0,0.000104864,0.000129666,,,0.000005185,94520,yes
generated-278,legacy-main-generated,main,2,4,8,0,5,96,optimal_bounded,4,0,96,44,1,52,2139,retained-legacy-dense-and-interval-check-record,optimal_bounded,4,96,2570,optimal_bounded,4,5,2,0.000632299,0.000474699,,,0.000014964,94520,yes
generated-279,legacy-main-generated,main,2,5,5,0,4,100,safe_bounded,,,100,28,1,8,1812,retained-legacy-dense-and-interval-check-record,safe_bounded,,100,2585,safe_bounded,,2,0,0.000353514,0.000347390,,,0.000006332,94520,yes
generated-280,legacy-main-generated,main,2,4,5,0,2,48,safe_bounded,,,48,14,1,4,1162,retained-legacy-dense-and-interval-check-record,safe_bounded,,48,1527,safe_bounded,,1,0,0.000177633,0.000185876,,,0.000005072,94520,yes
generated-281,legacy-main-generated,main,2,2,4,3,5,192,optimal_bounded,4,1,48,43,1,91,1287,retained-legacy-dense-and-interval-check-record,optimal_bounded,4,192,1387,optimal_bounded,4,415,184,0.000320605,0.000339217,,,0.000377900,94520,yes
generated-282,legacy-main-generated,main,3,2,5,0,5,96,safe_bounded,,,96,58,1,33,1902,retained-legacy-dense-and-interval-check-record,safe_bounded,,96,2395,safe_bounded,,2,0,0.000323448,0.000571918,,,0.000007494,94520,yes
generated-283,legacy-main-generated,main,1,2,6,2,3,48,optimal_bounded,1,0,16,14,1,15,941,retained-legacy-dense-and-interval-check-record,optimal_bounded,1,48,962,optimal_bounded,1,14,7,0.000317358,0.000161695,,,0.000025304,94520,yes
generated-284,legacy-main-generated,main,2,2,4,2,3,96,optimal_bounded,5,0,32,22,1,12,1005,retained-legacy-dense-and-interval-check-record,optimal_bounded,5,96,1098,optimal_bounded,5,7,1,0.000161802,0.000267993,,,0.000017815,94520,yes
generated-285,legacy-main-generated,main,2,4,11,2,1,96,safe_bounded,,,32,15,1,19,1460,retained-legacy-dense-and-interval-check-record,safe_bounded,,96,1679,safe_bounded,,2,0,0.000208317,0.000218595,,,0.000007640,94520,yes
generated-286,legacy-main-generated,main,1,5,10,1,2,60,safe_bounded,,,30,9,1,4,1335,retained-legacy-dense-and-interval-check-record,safe_bounded,,60,1593,safe_bounded,,3,0,0.000198150,0.000205639,,,0.000009427,94520,yes
generated-287,legacy-main-generated,main,2,2,4,2,1,48,optimal_bounded,4,1,16,13,2,9,784,retained-legacy-dense-and-interval-check-record,optimal_bounded,4,48,809,optimal_bounded,4,8,6,0.000101535,0.000129732,,,0.000015955,94520,yes
generated-288,legacy-main-generated,main,2,4,11,2,4,240,optimal_bounded,6,2,80,32,1,13,2145,retained-legacy-dense-and-interval-check-record,optimal_bounded,6,240,2604,optimal_bounded,6,13,1,0.000580416,0.000396314,,,0.000026375,94520,yes
generated-289,legacy-main-generated,main,3,4,6,2,5,576,safe_bounded,,,192,119,1,255,3354,retained-legacy-dense-and-interval-check-record,safe_bounded,,576,4363,safe_bounded,,1,0,0.001146122,0.001003518,,,0.000005953,94520,yes
generated-290,legacy-main-generated,main,2,4,4,0,1,32,optimal_bounded,2,0,32,9,1,1,950,retained-legacy-dense-and-interval-check-record,optimal_bounded,2,32,1108,optimal_bounded,2,3,1,0.000130930,0.000418508,,,0.000012327,94520,yes
generated-291,legacy-main-generated,main,3,5,13,3,1,320,safe_bounded,,,80,20,1,4,2181,retained-legacy-dense-and-interval-check-record,safe_bounded,,320,2818,safe_bounded,,2,0,0.000447945,0.000348701,,,0.000008238,94520,yes
generated-292,legacy-main-generated,main,2,3,4,2,5,216,optimal_bounded,3,0,72,34,1,10,1507,retained-legacy-dense-and-interval-check-record,optimal_bounded,3,216,1820,optimal_bounded,3,3,1,0.000364385,0.000279158,,,0.000011505,94520,yes
generated-293,legacy-main-generated,main,2,5,6,3,5,480,safe_bounded,,,120,39,1,55,2167,retained-legacy-dense-and-interval-check-record,safe_bounded,,480,3052,safe_bounded,,1,0,0.000588641,0.000483899,,,0.000005671,94520,yes
generated-294,legacy-main-generated,main,1,3,6,1,1,24,safe_bounded,,,12,4,1,0,789,retained-legacy-dense-and-interval-check-record,safe_bounded,,24,874,safe_bounded,,4,0,0.000094229,0.000119720,,,0.000009253,94520,yes
generated-295,legacy-main-generated,main,3,4,11,1,3,256,optimal_bounded,4,0,128,71,1,44,2860,retained-legacy-dense-and-interval-check-record,optimal_bounded,4,256,3492,optimal_bounded,4,4,2,0.000926620,0.001190234,,,0.000050407,94520,yes
generated-296,legacy-main-generated,main,2,2,4,0,2,24,safe_bounded,,,24,12,1,6,803,retained-legacy-dense-and-interval-check-record,safe_bounded,,24,944,safe_bounded,,14,0,0.000812611,0.000150276,,,0.000020665,94520,yes
generated-297,legacy-main-generated,main,3,4,10,1,1,128,safe_bounded,,,64,22,1,6,1770,retained-legacy-dense-and-interval-check-record,safe_bounded,,128,2242,safe_bounded,,2,0,0.000309869,0.000368491,,,0.000008397,94520,yes
generated-298,legacy-main-generated,main,3,3,8,3,4,480,safe_bounded,,,120,72,2,264,2478,retained-legacy-dense-and-interval-check-record,safe_bounded,,480,3227,safe_bounded,,1,0,0.000947358,0.000830814,,,0.000006291,94520,yes
generated-299,legacy-main-generated,main,3,4,7,1,1,128,safe_bounded,,,64,16,1,0,1507,retained-legacy-dense-and-interval-check-record,safe_bounded,,128,2016,safe_bounded,,3,0,0.000241210,0.000278851,,,0.000009195,94520,yes
family-g0-h0-a0-b0,legacy-finite-family,family,1,4,5,0,0,8,safe_bounded,,,8,2,1,0,648,retained-legacy-dense-and-interval-check-record,safe_bounded,,8,709,safe_bounded,,1,0,0.000056577,0.000119481,,,0.000005626,95032,yes
family-g0-h0-a0-b1,legacy-finite-family,family,1,4,5,0,0,8,safe_bounded,,,8,2,1,0,648,retained-legacy-dense-and-interval-check-record,safe_bounded,,8,709,safe_bounded,,1,0,0.000167285,0.000082822,,,0.000004670,95032,yes
family-g0-h0-a0-b2,legacy-finite-family,family,1,4,5,0,0,8,safe_bounded,,,8,2,1,0,648,retained-legacy-dense-and-interval-check-record,safe_bounded,,8,709,safe_bounded,,1,0,0.000077446,0.000083291,,,0.000004634,95032,yes
family-g0-h0-a0-b3,legacy-finite-family,family,1,4,5,0,0,8,safe_bounded,,,8,2,1,0,648,retained-legacy-dense-and-interval-check-record,safe_bounded,,8,709,safe_bounded,,1,0,0.000047640,0.000078660,,,0.000004590,95032,yes
family-g0-h0-a1-b0,legacy-finite-family,family,1,4,5,0,0,8,safe_bounded,,,8,2,1,0,648,retained-legacy-dense-and-interval-check-record,safe_bounded,,8,709,safe_bounded,,1,0,0.000044062,0.000079561,,,0.000004252,95032,yes
family-g0-h0-a1-b1,legacy-finite-family,family,1,4,5,0,0,8,safe_bounded,,,8,2,1,0,648,retained-legacy-dense-and-interval-check-record,safe_bounded,,8,709,safe_bounded,,1,0,0.000041196,0.000078076,,,0.000004090,95032,yes
family-g0-h0-a1-b2,legacy-finite-family,family,1,4,5,0,0,8,safe_bounded,,,8,2,1,0,648,retained-legacy-dense-and-interval-check-record,safe_bounded,,8,709,safe_bounded,,1,0,0.000055153,0.000086040,,,0.000005412,95032,yes
family-g0-h0-a1-b3,legacy-finite-family,family,1,4,5,0,0,8,safe_bounded,,,8,2,1,0,648,retained-legacy-dense-and-interval-check-record,safe_bounded,,8,709,safe_bounded,,1,0,0.000047583,0.000079293,,,0.000004821,95032,yes
family-g0-h0-a2-b0,legacy-finite-family,family,1,4,5,0,0,8,safe_bounded,,,8,2,1,0,648,retained-legacy-dense-and-interval-check-record,safe_bounded,,8,709,safe_bounded,,1,0,0.000043196,0.000079501,,,0.000004137,95032,yes
family-g0-h0-a2-b1,legacy-finite-family,family,1,4,5,0,0,8,safe_bounded,,,8,2,1,0,648,retained-legacy-dense-and-interval-check-record,safe_bounded,,8,709,safe_bounded,,1,0,0.000043131,0.000076793,,,0.000003916,95032,yes
family-g0-h0-a2-b2,legacy-finite-family,family,1,4,5,0,0,8,safe_bounded,,,8,2,1,0,648,retained-legacy-dense-and-interval-check-record,safe_bounded,,8,709,safe_bounded,,1,0,0.000044543,0.000082917,,,0.000004547,95032,yes
family-g0-h0-a2-b3,legacy-finite-family,family,1,4,5,0,0,8,safe_bounded,,,8,2,1,0,648,retained-legacy-dense-and-interval-check-record,safe_bounded,,8,709,safe_bounded,,1,0,0.000042046,0.000573100,,,0.000005370,95032,yes
family-g0-h0-a3-b0,legacy-finite-family,family,1,4,5,0,0,8,safe_bounded,,,8,2,1,0,648,retained-legacy-dense-and-interval-check-record,safe_bounded,,8,709,safe_bounded,,1,0,0.000048460,0.000126629,,,0.000004656,95032,yes
family-g0-h0-a3-b1,legacy-finite-family,family,1,4,5,0,0,8,safe_bounded,,,8,2,1,0,648,retained-legacy-dense-and-interval-check-record,safe_bounded,,8,709,safe_bounded,,1,0,0.000046733,0.000087610,,,0.000005046,95032,yes
family-g0-h0-a3-b2,legacy-finite-family,family,1,4,5,0,0,8,safe_bounded,,,8,2,1,0,648,retained-legacy-dense-and-interval-check-record,safe_bounded,,8,709,safe_bounded,,1,0,0.000052354,0.000085786,,,0.000004889,95032,yes
family-g0-h0-a3-b3,legacy-finite-family,family,1,4,5,0,0,8,safe_bounded,,,8,2,1,0,648,retained-legacy-dense-and-interval-check-record,safe_bounded,,8,709,safe_bounded,,1,0,0.000044499,0.000077082,,,0.000004293,95032,yes
family-g0-h1-a0-b0,legacy-finite-family,family,1,4,5,0,1,16,optimal_bounded,9,0,16,6,1,4,819,retained-legacy-dense-and-interval-check-record,optimal_bounded,9,16,880,optimal_bounded,9,3,1,0.000103997,0.000123608,,,0.000010613,95032,yes
family-g0-h1-a0-b1,legacy-finite-family,family,1,4,5,0,1,16,optimal_bounded,9,0,16,6,1,4,819,retained-legacy-dense-and-interval-check-record,optimal_bounded,9,16,880,optimal_bounded,9,3,1,0.000102163,0.000429517,,,0.000012546,95032,yes
family-g0-h1-a0-b2,legacy-finite-family,family,1,4,5,0,1,16,optimal_bounded,9,0,16,6,1,4,819,retained-legacy-dense-and-interval-check-record,optimal_bounded,9,16,880,optimal_bounded,9,3,1,0.000116385,0.000133704,,,0.000011622,95032,yes
family-g0-h1-a0-b3,legacy-finite-family,family,1,4,5,0,1,16,optimal_bounded,9,0,16,6,1,4,819,retained-legacy-dense-and-interval-check-record,optimal_bounded,9,16,880,optimal_bounded,9,3,1,0.000101647,0.000162262,,,0.000010489,95032,yes
family-g0-h1-a1-b0,legacy-finite-family,family,1,4,5,0,1,16,optimal_bounded,9,0,16,6,1,4,819,retained-legacy-dense-and-interval-check-record,optimal_bounded,9,16,880,optimal_bounded,9,3,1,0.000109001,0.000244247,,,0.000011273,95032,yes
family-g0-h1-a1-b1,legacy-finite-family,family,1,4,5,0,1,16,optimal_bounded,9,0,16,6,1,4,819,retained-legacy-dense-and-interval-check-record,optimal_bounded,9,16,880,optimal_bounded,9,3,1,0.000167839,0.000129070,,,0.000011275,95032,yes
family-g0-h1-a1-b2,legacy-finite-family,family,1,4,5,0,1,16,optimal_bounded,9,0,16,6,1,4,819,retained-legacy-dense-and-interval-check-record,optimal_bounded,9,16,880,optimal_bounded,9,3,1,0.000100221,0.000159870,,,0.000010364,95032,yes
family-g0-h1-a1-b3,legacy-finite-family,family,1,4,5,0,1,16,optimal_bounded,9,0,16,6,1,4,819,retained-legacy-dense-and-interval-check-record,optimal_bounded,9,16,880,optimal_bounded,9,3,1,0.000099372,0.000123409,,,0.000010064,95032,yes
family-g0-h1-a2-b0,legacy-finite-family,family,1,4,5,0,1,16,optimal_bounded,9,0,16,6,1,4,819,retained-legacy-dense-and-interval-check-record,optimal_bounded,9,16,880,optimal_bounded,9,3,1,0.000221073,0.000123163,,,0.000010353,95160,yes
family-g0-h1-a2-b1,legacy-finite-family,family,1,4,5,0,1,16,optimal_bounded,9,0,16,6,1,4,819,retained-legacy-dense-and-interval-check-record,optimal_bounded,9,16,880,optimal_bounded,9,3,1,0.000099323,0.000195796,,,0.000010157,95160,yes
family-g0-h1-a2-b2,legacy-finite-family,family,1,4,5,0,1,16,optimal_bounded,9,0,16,6,1,4,819,retained-legacy-dense-and-interval-check-record,optimal_bounded,9,16,880,optimal_bounded,9,3,1,0.000107798,0.000126465,,,0.000010681,95160,yes
family-g0-h1-a2-b3,legacy-finite-family,family,1,4,5,0,1,16,optimal_bounded,9,0,16,6,1,4,819,retained-legacy-dense-and-interval-check-record,optimal_bounded,9,16,880,optimal_bounded,9,3,1,0.000141323,0.000123495,,,0.000010804,95160,yes
family-g0-h1-a3-b0,legacy-finite-family,family,1,4,5,0,1,16,optimal_bounded,9,0,16,6,1,4,819,retained-legacy-dense-and-interval-check-record,optimal_bounded,9,16,880,optimal_bounded,9,3,1,0.000099798,0.000123980,,,0.000010042,95160,yes
family-g0-h1-a3-b1,legacy-finite-family,family,1,4,5,0,1,16,optimal_bounded,9,0,16,6,1,4,819,retained-legacy-dense-and-interval-check-record,optimal_bounded,9,16,880,optimal_bounded,9,3,1,0.000103853,0.000125893,,,0.000009818,95160,yes
family-g0-h1-a3-b2,legacy-finite-family,family,1,4,5,0,1,16,optimal_bounded,9,0,16,6,1,4,819,retained-legacy-dense-and-interval-check-record,optimal_bounded,9,16,880,optimal_bounded,9,3,1,0.000098041,0.000118884,,,0.000009548,95160,yes
family-g0-h1-a3-b3,legacy-finite-family,family,1,4,5,0,1,16,optimal_bounded,9,0,16,6,1,4,819,retained-legacy-dense-and-interval-check-record,optimal_bounded,9,16,880,optimal_bounded,9,3,1,0.000097137,0.000116930,,,0.000009649,95160,yes
family-g0-h2-a0-b0,legacy-finite-family,family,1,4,5,0,2,24,optimal_bounded,9,0,24,10,1,8,927,retained-legacy-dense-and-interval-check-record,optimal_bounded,9,24,1024,optimal_bounded,9,3,1,0.000140113,0.000167049,,,0.000011703,95160,yes
family-g0-h2-a0-b1,legacy-finite-family,family,1,4,5,0,2,24,optimal_bounded,9,0,24,10,1,8,927,retained-legacy-dense-and-interval-check-record,optimal_bounded,9,24,1024,optimal_bounded,9,3,1,0.000163021,0.000150407,,,0.000010724,95160,yes
family-g0-h2-a0-b2,legacy-finite-family,family,1,4,5,0,2,24,optimal_bounded,9,0,24,10,1,8,927,retained-legacy-dense-and-interval-check-record,optimal_bounded,9,24,1024,optimal_bounded,9,3,1,0.000151231,0.000215946,,,0.000011773,95160,yes
family-g0-h2-a0-b3,legacy-finite-family,family,1,4,5,0,2,24,optimal_bounded,9,0,24,10,1,8,927,retained-legacy-dense-and-interval-check-record,optimal_bounded,9,24,1024,optimal_bounded,9,3,1,0.000141525,0.000152200,,,0.000010942,95160,yes
family-g0-h2-a1-b0,legacy-finite-family,family,1,4,5,0,2,24,optimal_bounded,9,0,24,10,1,8,927,retained-legacy-dense-and-interval-check-record,optimal_bounded,9,24,1024,optimal_bounded,9,3,1,0.000138764,0.000155935,,,0.000011094,95160,yes
family-g0-h2-a1-b1,legacy-finite-family,family,1,4,5,0,2,24,optimal_bounded,9,0,24,10,1,8,927,retained-legacy-dense-and-interval-check-record,optimal_bounded,9,24,1024,optimal_bounded,9,3,1,0.000139240,0.000283472,,,0.000011156,95160,yes
family-g0-h2-a1-b2,legacy-finite-family,family,1,4,5,0,2,24,optimal_bounded,9,0,24,10,1,8,927,retained-legacy-dense-and-interval-check-record,optimal_bounded,9,24,1024,optimal_bounded,9,3,1,0.000140250,0.000155296,,,0.000010611,95160,yes
family-g0-h2-a1-b3,legacy-finite-family,family,1,4,5,0,2,24,optimal_bounded,9,0,24,10,1,8,927,retained-legacy-dense-and-interval-check-record,optimal_bounded,9,24,1024,optimal_bounded,9,3,1,0.000145497,0.000157505,,,0.000011179,95160,yes
family-g0-h2-a2-b0,legacy-finite-family,family,1,4,5,0,2,24,optimal_bounded,9,0,24,10,1,8,927,retained-legacy-dense-and-interval-check-record,optimal_bounded,9,24,1024,optimal_bounded,9,3,1,0.000141005,0.000190814,,,0.000010519,95160,yes
family-g0-h2-a2-b1,legacy-finite-family,family,1,4,5,0,2,24,optimal_bounded,9,0,24,10,1,8,927,retained-legacy-dense-and-interval-check-record,optimal_bounded,9,24,1024,optimal_bounded,9,3,1,0.000136724,0.000151077,,,0.000010604,95160,yes
family-g0-h2-a2-b2,legacy-finite-family,family,1,4,5,0,2,24,optimal_bounded,9,0,24,10,1,8,927,retained-legacy-dense-and-interval-check-record,optimal_bounded,9,24,1024,optimal_bounded,9,3,1,0.000283815,0.000157112,,,0.000010975,95160,yes
family-g0-h2-a2-b3,legacy-finite-family,family,1,4,5,0,2,24,optimal_bounded,9,0,24,10,1,8,927,retained-legacy-dense-and-interval-check-record,optimal_bounded,9,24,1024,optimal_bounded,9,3,1,0.000134965,0.000270227,,,0.000123480,95160,yes
family-g0-h2-a3-b0,legacy-finite-family,family,1,4,5,0,2,24,optimal_bounded,9,0,24,10,1,8,927,retained-legacy-dense-and-interval-check-record,optimal_bounded,9,24,1024,optimal_bounded,9,3,1,0.000150053,0.000205285,,,0.000011478,95160,yes
family-g0-h2-a3-b1,legacy-finite-family,family,1,4,5,0,2,24,optimal_bounded,9,0,24,10,1,8,927,retained-legacy-dense-and-interval-check-record,optimal_bounded,9,24,1024,optimal_bounded,9,3,1,0.000139912,0.000342757,,,0.000011520,95160,yes
family-g0-h2-a3-b2,legacy-finite-family,family,1,4,5,0,2,24,optimal_bounded,9,0,24,10,1,8,927,retained-legacy-dense-and-interval-check-record,optimal_bounded,9,24,1024,optimal_bounded,9,3,1,0.000145149,0.000157641,,,0.000010795,95160,yes
family-g0-h2-a3-b3,legacy-finite-family,family,1,4,5,0,2,24,optimal_bounded,9,0,24,10,1,8,927,retained-legacy-dense-and-interval-check-record,optimal_bounded,9,24,1024,optimal_bounded,9,3,1,0.000137930,0.000151399,,,0.000010880,95160,yes
family-g0-h3-a0-b0,legacy-finite-family,family,1,4,5,0,3,32,optimal_bounded,9,0,32,14,1,12,1035,retained-legacy-dense-and-interval-check-record,optimal_bounded,9,32,1168,optimal_bounded,9,3,1,0.000173807,0.000307363,,,0.000011047,95160,yes
family-g0-h3-a0-b1,legacy-finite-family,family,1,4,5,0,3,32,optimal_bounded,9,0,32,14,1,12,1035,retained-legacy-dense-and-interval-check-record,optimal_bounded,9,32,1168,optimal_bounded,9,3,1,0.000254078,0.000183481,,,0.000010424,95160,yes
family-g0-h3-a0-b2,legacy-finite-family,family,1,4,5,0,3,32,optimal_bounded,9,0,32,14,1,12,1035,retained-legacy-dense-and-interval-check-record,optimal_bounded,9,32,1168,optimal_bounded,9,3,1,0.000176516,0.000180765,,,0.000010636,95160,yes
family-g0-h3-a0-b3,legacy-finite-family,family,1,4,5,0,3,32,optimal_bounded,9,0,32,14,1,12,1035,retained-legacy-dense-and-interval-check-record,optimal_bounded,9,32,1168,optimal_bounded,9,3,1,0.000187130,0.000183801,,,0.000011267,95160,yes
family-g0-h3-a1-b0,legacy-finite-family,family,1,4,5,0,3,32,optimal_bounded,9,0,32,14,1,12,1035,retained-legacy-dense-and-interval-check-record,optimal_bounded,9,32,1168,optimal_bounded,9,3,1,0.000181224,0.000186118,,,0.000011177,95160,yes
family-g0-h3-a1-b1,legacy-finite-family,family,1,4,5,0,3,32,optimal_bounded,9,0,32,14,1,12,1035,retained-legacy-dense-and-interval-check-record,optimal_bounded,9,32,1168,optimal_bounded,9,3,1,0.000173281,0.000186686,,,0.000010384,95160,yes
family-g0-h3-a1-b2,legacy-finite-family,family,1,4,5,0,3,32,optimal_bounded,9,0,32,14,1,12,1035,retained-legacy-dense-and-interval-check-record,optimal_bounded,9,32,1168,optimal_bounded,9,3,1,0.000172763,0.000178867,,,0.000010252,95160,yes
family-g0-h3-a1-b3,legacy-finite-family,family,1,4,5,0,3,32,optimal_bounded,9,0,32,14,1,12,1035,retained-legacy-dense-and-interval-check-record,optimal_bounded,9,32,1168,optimal_bounded,9,3,1,0.000172201,0.000303037,,,0.000011645,95160,yes
family-g0-h3-a2-b0,legacy-finite-family,family,1,4,5,0,3,32,optimal_bounded,9,0,32,14,1,12,1035,retained-legacy-dense-and-interval-check-record,optimal_bounded,9,32,1168,optimal_bounded,9,3,1,0.000189748,0.000182863,,,0.000010196,95160,yes
family-g0-h3-a2-b1,legacy-finite-family,family,1,4,5,0,3,32,optimal_bounded,9,0,32,14,1,12,1035,retained-legacy-dense-and-interval-check-record,optimal_bounded,9,32,1168,optimal_bounded,9,3,1,0.000431574,0.000189725,,,0.000011275,95160,yes
family-g0-h3-a2-b2,legacy-finite-family,family,1,4,5,0,3,32,optimal_bounded,9,0,32,14,1,12,1035,retained-legacy-dense-and-interval-check-record,optimal_bounded,9,32,1168,optimal_bounded,9,3,1,0.000220129,0.000188950,,,0.000011256,95160,yes
family-g0-h3-a2-b3,legacy-finite-family,family,1,4,5,0,3,32,optimal_bounded,9,0,32,14,1,12,1035,retained-legacy-dense-and-interval-check-record,optimal_bounded,9,32,1168,optimal_bounded,9,3,1,0.000172815,0.000210642,,,0.000011199,95160,yes
family-g0-h3-a3-b0,legacy-finite-family,family,1,4,5,0,3,32,optimal_bounded,9,0,32,14,1,12,1035,retained-legacy-dense-and-interval-check-record,optimal_bounded,9,32,1168,optimal_bounded,9,3,1,0.000254414,0.000208534,,,0.000011165,95160,yes
family-g0-h3-a3-b1,legacy-finite-family,family,1,4,5,0,3,32,optimal_bounded,9,0,32,14,1,12,1035,retained-legacy-dense-and-interval-check-record,optimal_bounded,9,32,1168,optimal_bounded,9,3,1,0.000174522,0.000178506,,,0.000010361,95160,yes
family-g0-h3-a3-b2,legacy-finite-family,family,1,4,5,0,3,32,optimal_bounded,9,0,32,14,1,12,1035,retained-legacy-dense-and-interval-check-record,optimal_bounded,9,32,1168,optimal_bounded,9,3,1,0.000205964,0.000279689,,,0.000011557,95160,yes
family-g0-h3-a3-b3,legacy-finite-family,family,1,4,5,0,3,32,optimal_bounded,9,0,32,14,1,12,1035,retained-legacy-dense-and-interval-check-record,optimal_bounded,9,32,1168,optimal_bounded,9,3,1,0.000250470,0.000184458,,,0.000010853,95160,yes
family-g0-h4-a0-b0,legacy-finite-family,family,1,4,5,0,4,40,optimal_bounded,9,0,40,18,1,16,1143,retained-legacy-dense-and-interval-check-record,optimal_bounded,9,40,1312,optimal_bounded,9,3,1,0.000211067,0.000283680,,,0.000011212,95160,yes
family-g0-h4-a0-b1,legacy-finite-family,family,1,4,5,0,4,40,optimal_bounded,9,0,40,18,1,16,1143,retained-legacy-dense-and-interval-check-record,optimal_bounded,9,40,1312,optimal_bounded,9,3,1,0.000214940,0.000209594,,,0.000010421,95160,yes
family-g0-h4-a0-b2,legacy-finite-family,family,1,4,5,0,4,40,optimal_bounded,9,0,40,18,1,16,1143,retained-legacy-dense-and-interval-check-record,optimal_bounded,9,40,1312,optimal_bounded,9,3,1,0.000210600,0.000208315,,,0.000010111,95160,yes
family-g0-h4-a0-b3,legacy-finite-family,family,1,4,5,0,4,40,optimal_bounded,9,0,40,18,1,16,1143,retained-legacy-dense-and-interval-check-record,optimal_bounded,9,40,1312,optimal_bounded,9,3,1,0.000237725,0.000293558,,,0.000011366,95160,yes
family-g0-h4-a1-b0,legacy-finite-family,family,1,4,5,0,4,40,optimal_bounded,9,0,40,18,1,16,1143,retained-legacy-dense-and-interval-check-record,optimal_bounded,9,40,1312,optimal_bounded,9,3,1,0.000314484,0.000217382,,,0.000010347,95160,yes
family-g0-h4-a1-b1,legacy-finite-family,family,1,4,5,0,4,40,optimal_bounded,9,0,40,18,1,16,1143,retained-legacy-dense-and-interval-check-record,optimal_bounded,9,40,1312,optimal_bounded,9,3,1,0.000210866,0.000298993,,,0.000010740,95160,yes
family-g0-h4-a1-b2,legacy-finite-family,family,1,4,5,0,4,40,optimal_bounded,9,0,40,18,1,16,1143,retained-legacy-dense-and-interval-check-record,optimal_bounded,9,40,1312,optimal_bounded,9,3,1,0.000211557,0.000214788,,,0.000010495,95160,yes
family-g0-h4-a1-b3,legacy-finite-family,family,1,4,5,0,4,40,optimal_bounded,9,0,40,18,1,16,1143,retained-legacy-dense-and-interval-check-record,optimal_bounded,9,40,1312,optimal_bounded,9,3,1,0.000211344,0.000208978,,,0.000010719,95160,yes
family-g0-h4-a2-b0,legacy-finite-family,family,1,4,5,0,4,40,optimal_bounded,9,0,40,18,1,16,1143,retained-legacy-dense-and-interval-check-record,optimal_bounded,9,40,1312,optimal_bounded,9,3,1,0.000211583,0.000209711,,,0.000010645,95160,yes
family-g0-h4-a2-b1,legacy-finite-family,family,1,4,5,0,4,40,optimal_bounded,9,0,40,18,1,16,1143,retained-legacy-dense-and-interval-check-record,optimal_bounded,9,40,1312,optimal_bounded,9,3,1,0.000316898,0.000284624,,,0.000011057,95160,yes
family-g0-h4-a2-b2,legacy-finite-family,family,1,4,5,0,4,40,optimal_bounded,9,0,40,18,1,16,1143,retained-legacy-dense-and-interval-check-record,optimal_bounded,9,40,1312,optimal_bounded,9,3,1,0.000211432,0.000258978,,,0.000011423,95160,yes
family-g0-h4-a2-b3,legacy-finite-family,family,1,4,5,0,4,40,optimal_bounded,9,0,40,18,1,16,1143,retained-legacy-dense-and-interval-check-record,optimal_bounded,9,40,1312,optimal_bounded,9,3,1,0.000214375,0.000251550,,,0.000010978,95160,yes
family-g0-h4-a3-b0,legacy-finite-family,family,1,4,5,0,4,40,optimal_bounded,9,0,40,18,1,16,1143,retained-legacy-dense-and-interval-check-record,optimal_bounded,9,40,1312,optimal_bounded,9,3,1,0.000212461,0.000212477,,,0.000010669,95160,yes
family-g0-h4-a3-b1,legacy-finite-family,family,1,4,5,0,4,40,optimal_bounded,9,0,40,18,1,16,1143,retained-legacy-dense-and-interval-check-record,optimal_bounded,9,40,1312,optimal_bounded,9,3,1,0.000210614,0.000208589,,,0.000010639,95160,yes
family-g0-h4-a3-b2,legacy-finite-family,family,1,4,5,0,4,40,optimal_bounded,9,0,40,18,1,16,1143,retained-legacy-dense-and-interval-check-record,optimal_bounded,9,40,1312,optimal_bounded,9,3,1,0.000309448,0.000211112,,,0.000010683,95160,yes
family-g0-h4-a3-b3,legacy-finite-family,family,1,4,5,0,4,40,optimal_bounded,9,0,40,18,1,16,1143,retained-legacy-dense-and-interval-check-record,optimal_bounded,9,40,1312,optimal_bounded,9,3,1,0.000209155,0.000279213,,,0.000010729,95160,yes
family-g1-h0-a0-b0,legacy-finite-family,family,1,4,5,1,0,16,safe_bounded,,,8,2,1,0,648,retained-legacy-dense-and-interval-check-record,safe_bounded,,16,709,safe_bounded,,1,0,0.000047659,0.000080250,,,0.000004190,95160,yes
family-g1-h0-a0-b1,legacy-finite-family,family,1,4,5,1,0,16,safe_bounded,,,8,2,1,0,648,retained-legacy-dense-and-interval-check-record,safe_bounded,,16,709,safe_bounded,,1,0,0.000042765,0.000124852,,,0.000004319,95160,yes
family-g1-h0-a0-b2,legacy-finite-family,family,1,4,5,1,0,16,safe_bounded,,,8,2,1,0,648,retained-legacy-dense-and-interval-check-record,safe_bounded,,16,709,safe_bounded,,1,0,0.000042147,0.000076074,,,0.000004215,95160,yes
family-g1-h0-a0-b3,legacy-finite-family,family,1,4,5,1,0,16,safe_bounded,,,8,2,1,0,648,retained-legacy-dense-and-interval-check-record,safe_bounded,,16,709,safe_bounded,,1,0,0.000043030,0.000073939,,,0.000004195,95160,yes
family-g1-h0-a1-b0,legacy-finite-family,family,1,4,5,1,0,16,safe_bounded,,,8,2,1,0,648,retained-legacy-dense-and-interval-check-record,safe_bounded,,16,709,safe_bounded,,1,0,0.000043919,0.000079261,,,0.000003949,95160,yes
family-g1-h0-a1-b1,legacy-finite-family,family,1,4,5,1,0,16,safe_bounded,,,8,2,1,0,648,retained-legacy-dense-and-interval-check-record,safe_bounded,,16,709,safe_bounded,,1,0,0.000040682,0.000075113,,,0.000004114,95160,yes
family-g1-h0-a1-b2,legacy-finite-family,family,1,4,5,1,0,16,safe_bounded,,,8,2,1,0,648,retained-legacy-dense-and-interval-check-record,safe_bounded,,16,709,safe_bounded,,1,0,0.000039671,0.000075492,,,0.000003857,95160,yes
family-g1-h0-a1-b3,legacy-finite-family,family,1,4,5,1,0,16,safe_bounded,,,8,2,1,0,648,retained-legacy-dense-and-interval-check-record,safe_bounded,,16,709,safe_bounded,,1,0,0.000041948,0.000284771,,,0.000004871,95160,yes
family-g1-h0-a2-b0,legacy-finite-family,family,1,4,5,1,0,16,safe_bounded,,,8,2,1,0,648,retained-legacy-dense-and-interval-check-record,safe_bounded,,16,709,safe_bounded,,1,0,0.000045829,0.000078337,,,0.000004220,95160,yes
family-g1-h0-a2-b1,legacy-finite-family,family,1,4,5,1,0,16,safe_bounded,,,8,2,1,0,648,retained-legacy-dense-and-interval-check-record,safe_bounded,,16,709,safe_bounded,,1,0,0.000044455,0.000075223,,,0.000004226,95160,yes
family-g1-h0-a2-b2,legacy-finite-family,family,1,4,5,1,0,16,safe_bounded,,,8,2,1,0,648,retained-legacy-dense-and-interval-check-record,safe_bounded,,16,709,safe_bounded,,1,0,0.000041582,0.000102237,,,0.000004149,95160,yes
family-g1-h0-a2-b3,legacy-finite-family,family,1,4,5,1,0,16,safe_bounded,,,8,2,1,0,648,retained-legacy-dense-and-interval-check-record,safe_bounded,,16,709,safe_bounded,,1,0,0.000045804,0.000076667,,,0.000004201,95160,yes
family-g1-h0-a3-b0,legacy-finite-family,family,1,4,5,1,0,16,safe_bounded,,,8,2,1,0,648,retained-legacy-dense-and-interval-check-record,safe_bounded,,16,709,safe_bounded,,1,0,0.000042800,0.000075687,,,0.000003975,95160,yes
family-g1-h0-a3-b1,legacy-finite-family,family,1,4,5,1,0,16,safe_bounded,,,8,2,1,0,648,retained-legacy-dense-and-interval-check-record,safe_bounded,,16,709,safe_bounded,,1,0,0.000072646,0.000074691,,,0.000003898,95160,yes
family-g1-h0-a3-b2,legacy-finite-family,family,1,4,5,1,0,16,safe_bounded,,,8,2,1,0,648,retained-legacy-dense-and-interval-check-record,safe_bounded,,16,709,safe_bounded,,1,0,0.000052682,0.000085594,,,0.000005069,95160,yes
family-g1-h0-a3-b3,legacy-finite-family,family,1,4,5,1,0,16,safe_bounded,,,8,2,1,0,648,retained-legacy-dense-and-interval-check-record,safe_bounded,,16,709,safe_bounded,,1,0,0.000142149,0.000081918,,,0.000004369,95160,yes
family-g1-h1-a0-b0,legacy-finite-family,family,1,4,5,1,1,32,optimal_bounded,9,0,16,8,1,4,829,retained-legacy-dense-and-interval-check-record,optimal_bounded,9,32,896,optimal_bounded,9,4,1,0.000104832,0.000125821,,,0.000011651,95160,yes
family-g1-h1-a0-b1,legacy-finite-family,family,1,4,5,1,1,32,optimal_bounded,9,0,16,8,1,4,829,retained-legacy-dense-and-interval-check-record,optimal_bounded,9,32,896,optimal_bounded,9,4,1,0.000106806,0.000126504,,,0.000011036,95160,yes
family-g1-h1-a0-b2,legacy-finite-family,family,1,4,5,1,1,32,optimal_bounded,9,0,16,8,1,4,829,retained-legacy-dense-and-interval-check-record,optimal_bounded,9,32,896,optimal_bounded,9,4,1,0.000100411,0.000154315,,,0.000010484,95160,yes
family-g1-h1-a0-b3,legacy-finite-family,family,1,4,5,1,1,32,optimal_bounded,9,0,16,8,1,4,829,retained-legacy-dense-and-interval-check-record,optimal_bounded,9,32,896,optimal_bounded,9,4,1,0.000099534,0.000123718,,,0.000010609,95160,yes
family-g1-h1-a1-b0,legacy-finite-family,family,1,4,5,1,1,32,optimal_bounded,9,0,16,8,1,4,829,retained-legacy-dense-and-interval-check-record,optimal_bounded,9,32,896,optimal_bounded,9,4,1,0.000098720,0.000124855,,,0.000010255,95160,yes
family-g1-h1-a1-b1,legacy-finite-family,family,1,4,5,1,1,32,optimal_bounded,9,0,16,8,1,4,829,retained-legacy-dense-and-interval-check-record,optimal_bounded,9,32,896,optimal_bounded,9,4,1,0.000096703,0.000120073,,,0.000010130,95160,yes
family-g1-h1-a1-b2,legacy-finite-family,family,1,4,5,1,1,32,optimal_bounded,9,0,16,8,1,4,829,retained-legacy-dense-and-interval-check-record,optimal_bounded,9,32,896,optimal_bounded,9,4,1,0.000094716,0.000122537,,,0.000010148,95160,yes
family-g1-h1-a1-b3,legacy-finite-family,family,1,4,5,1,1,32,optimal_bounded,9,0,16,8,1,4,829,retained-legacy-dense-and-interval-check-record,optimal_bounded,9,32,896,optimal_bounded,9,4,1,0.000102891,0.000218553,,,0.000011182,95160,yes
family-g1-h1-a2-b0,legacy-finite-family,family,1,4,5,1,1,32,optimal_bounded,9,0,16,8,1,4,829,retained-legacy-dense-and-interval-check-record,optimal_bounded,9,32,896,optimal_bounded,9,4,1,0.000151636,0.000125109,,,0.000010709,95160,yes
family-g1-h1-a2-b1,legacy-finite-family,family,1,4,5,1,1,32,optimal_bounded,9,0,16,8,1,4,829,retained-legacy-dense-and-interval-check-record,optimal_bounded,9,32,896,optimal_bounded,9,4,1,0.000097048,0.000119493,,,0.000009747,95160,yes
family-g1-h1-a2-b2,legacy-finite-family,family,1,4,5,1,1,32,optimal_bounded,9,0,16,8,1,4,829,retained-legacy-dense-and-interval-check-record,optimal_bounded,9,32,896,optimal_bounded,9,4,1,0.000096667,0.000122124,,,0.000010214,95160,yes
family-g1-h1-a2-b3,legacy-finite-family,family,1,4,5,1,1,32,optimal_bounded,9,0,16,8,1,4,829,retained-legacy-dense-and-interval-check-record,optimal_bounded,9,32,896,optimal_bounded,9,4,1,0.000099660,0.000121289,,,0.000010191,95160,yes
family-g1-h1-a3-b0,legacy-finite-family,family,1,4,5,1,1,32,optimal_bounded,9,0,16,8,1,4,829,retained-legacy-dense-and-interval-check-record,optimal_bounded,9,32,896,optimal_bounded,9,4,1,0.000099657,0.000121868,,,0.000009923,95160,yes
family-g1-h1-a3-b1,legacy-finite-family,family,1,4,5,1,1,32,optimal_bounded,9,0,16,8,1,4,829,retained-legacy-dense-and-interval-check-record,optimal_bounded,9,32,896,optimal_bounded,9,4,1,0.000099038,0.000184237,,,0.000011619,95160,yes
family-g1-h1-a3-b2,legacy-finite-family,family,1,4,5,1,1,32,optimal_bounded,9,0,16,8,1,4,829,retained-legacy-dense-and-interval-check-record,optimal_bounded,9,32,896,optimal_bounded,9,4,1,0.000105510,0.000123413,,,0.000010548,95160,yes
family-g1-h1-a3-b3,legacy-finite-family,family,1,4,5,1,1,32,optimal_bounded,9,0,16,8,1,4,829,retained-legacy-dense-and-interval-check-record,optimal_bounded,9,32,896,optimal_bounded,9,4,1,0.000146129,0.000122584,,,0.000010234,95160,yes
family-g1-h2-a0-b0,legacy-finite-family,family,1,4,5,1,2,48,optimal_bounded,0,1,24,16,2,12,963,retained-legacy-dense-and-interval-check-record,optimal_bounded,0,48,1028,optimal_bounded,0,5,2,0.000149932,0.000205722,,,0.000014549,95160,yes
family-g1-h2-a0-b1,legacy-finite-family,family,1,4,5,1,2,48,optimal_bounded,1,1,24,16,2,12,963,retained-legacy-dense-and-interval-check-record,optimal_bounded,1,48,1028,optimal_bounded,1,5,2,0.000152259,0.000167499,,,0.000012960,95160,yes
family-g1-h2-a0-b2,legacy-finite-family,family,1,4,5,1,2,48,optimal_bounded,2,1,24,16,2,12,963,retained-legacy-dense-and-interval-check-record,optimal_bounded,2,48,1028,optimal_bounded,2,5,2,0.000179027,0.000162977,,,0.000012794,95160,yes
family-g1-h2-a0-b3,legacy-finite-family,family,1,4,5,1,2,48,optimal_bounded,3,1,24,16,2,12,963,retained-legacy-dense-and-interval-check-record,optimal_bounded,3,48,1028,optimal_bounded,3,5,2,0.000193678,0.000170069,,,0.000015707,95160,yes
family-g1-h2-a1-b0,legacy-finite-family,family,1,4,5,1,2,48,optimal_bounded,1,1,24,16,2,12,963,retained-legacy-dense-and-interval-check-record,optimal_bounded,1,48,1060,optimal_bounded,1,5,2,0.000149571,0.000165899,,,0.000013113,95160,yes
family-g1-h2-a1-b1,legacy-finite-family,family,1,4,5,1,2,48,optimal_bounded,2,1,24,16,2,12,963,retained-legacy-dense-and-interval-check-record,optimal_bounded,2,48,1060,optimal_bounded,2,5,2,0.000189697,0.000174893,,,0.000013490,95160,yes
family-g1-h2-a1-b2,legacy-finite-family,family,1,4,5,1,2,48,optimal_bounded,3,1,24,16,2,12,963,retained-legacy-dense-and-interval-check-record,optimal_bounded,3,48,1060,optimal_bounded,3,5,2,0.000146586,0.000217141,,,0.000013431,95160,yes
family-g1-h2-a1-b3,legacy-finite-family,family,1,4,5,1,2,48,optimal_bounded,4,1,24,16,2,12,963,retained-legacy-dense-and-interval-check-record,optimal_bounded,4,48,1060,optimal_bounded,4,5,2,0.000144726,0.000160975,,,0.000013035,95160,yes
family-g1-h2-a2-b0,legacy-finite-family,family,1,4,5,1,2,48,optimal_bounded,2,1,24,16,2,12,963,retained-legacy-dense-and-interval-check-record,optimal_bounded,2,48,1060,optimal_bounded,2,5,2,0.000183118,0.000169173,,,0.000013821,95160,yes
family-g1-h2-a2-b1,legacy-finite-family,family,1,4,5,1,2,48,optimal_bounded,3,1,24,16,2,12,963,retained-legacy-dense-and-interval-check-record,optimal_bounded,3,48,1060,optimal_bounded,3,5,2,0.000149929,0.000165413,,,0.000013628,95160,yes
family-g1-h2-a2-b2,legacy-finite-family,family,1,4,5,1,2,48,optimal_bounded,4,1,24,16,2,12,963,retained-legacy-dense-and-interval-check-record,optimal_bounded,4,48,1060,optimal_bounded,4,5,2,0.000148628,0.000167593,,,0.000013631,95160,yes
family-g1-h2-a2-b3,legacy-finite-family,family,1,4,5,1,2,48,optimal_bounded,5,1,24,16,2,12,963,retained-legacy-dense-and-interval-check-record,optimal_bounded,5,48,1060,optimal_bounded,5,5,2,0.000197895,0.000160577,,,0.000013489,95160,yes
family-g1-h2-a3-b0,legacy-finite-family,family,1,4,5,1,2,48,optimal_bounded,3,1,24,16,2,12,963,retained-legacy-dense-and-interval-check-record,optimal_bounded,3,48,1060,optimal_bounded,3,5,2,0.000145322,0.000358101,,,0.000014389,95160,yes
family-g1-h2-a3-b1,legacy-finite-family,family,1,4,5,1,2,48,optimal_bounded,4,1,24,16,2,12,963,retained-legacy-dense-and-interval-check-record,optimal_bounded,4,48,1060,optimal_bounded,4,5,2,0.000151013,0.000169754,,,0.000012867,95160,yes
family-g1-h2-a3-b2,legacy-finite-family,family,1,4,5,1,2,48,optimal_bounded,5,1,24,16,2,12,963,retained-legacy-dense-and-interval-check-record,optimal_bounded,5,48,1060,optimal_bounded,5,5,2,0.000281954,0.000434182,,,0.000014963,95160,yes
family-g1-h2-a3-b3,legacy-finite-family,family,1,4,5,1,2,48,optimal_bounded,6,1,24,16,2,12,963,retained-legacy-dense-and-interval-check-record,optimal_bounded,6,48,1060,optimal_bounded,6,5,2,0.000154588,0.000171349,,,0.000013584,95160,yes
family-g1-h3-a0-b0,legacy-finite-family,family,1,4,5,1,3,64,optimal_bounded,0,1,32,24,2,20,1093,retained-legacy-dense-and-interval-check-record,optimal_bounded,0,64,1172,optimal_bounded,0,5,2,0.000257163,0.000515531,,,0.000015112,95160,yes
family-g1-h3-a0-b1,legacy-finite-family,family,1,4,5,1,3,64,optimal_bounded,1,1,32,24,2,20,1093,retained-legacy-dense-and-interval-check-record,optimal_bounded,1,64,1172,optimal_bounded,1,5,2,0.000193518,0.000200914,,,0.000013304,95160,yes
family-g1-h3-a0-b2,legacy-finite-family,family,1,4,5,1,3,64,optimal_bounded,2,1,32,24,2,20,1093,retained-legacy-dense-and-interval-check-record,optimal_bounded,2,64,1172,optimal_bounded,2,5,2,0.000685170,0.000532824,,,0.000015875,95160,yes
family-g1-h3-a0-b3,legacy-finite-family,family,1,4,5,1,3,64,optimal_bounded,3,1,32,24,2,20,1093,retained-legacy-dense-and-interval-check-record,optimal_bounded,3,64,1172,optimal_bounded,3,5,2,0.000295458,0.000298028,,,0.000014785,95160,yes
family-g1-h3-a1-b0,legacy-finite-family,family,1,4,5,1,3,64,optimal_bounded,1,1,32,24,2,20,1093,retained-legacy-dense-and-interval-check-record,optimal_bounded,1,64,1220,optimal_bounded,1,5,2,0.000199562,0.000218783,,,0.000015264,95160,yes
family-g1-h3-a1-b1,legacy-finite-family,family,1,4,5,1,3,64,optimal_bounded,2,1,32,24,2,20,1093,retained-legacy-dense-and-interval-check-record,optimal_bounded,2,64,1220,optimal_bounded,2,5,2,0.000260343,0.000200924,,,0.000013502,95160,yes
family-g1-h3-a1-b2,legacy-finite-family,family,1,4,5,1,3,64,optimal_bounded,3,1,32,24,2,20,1093,retained-legacy-dense-and-interval-check-record,optimal_bounded,3,64,1220,optimal_bounded,3,5,2,0.000710483,0.000223687,,,0.000015374,95160,yes
family-g1-h3-a1-b3,legacy-finite-family,family,1,4,5,1,3,64,optimal_bounded,4,1,32,24,2,20,1093,retained-legacy-dense-and-interval-check-record,optimal_bounded,4,64,1220,optimal_bounded,4,5,2,0.000192587,0.000201984,,,0.000014444,95160,yes
family-g1-h3-a2-b0,legacy-finite-family,family,1,4,5,1,3,64,optimal_bounded,2,1,32,24,2,20,1093,retained-legacy-dense-and-interval-check-record,optimal_bounded,2,64,1220,optimal_bounded,2,5,2,0.000194250,0.000201158,,,0.000013552,95160,yes
family-g1-h3-a2-b1,legacy-finite-family,family,1,4,5,1,3,64,optimal_bounded,3,1,32,24,2,20,1093,retained-legacy-dense-and-interval-check-record,optimal_bounded,3,64,1220,optimal_bounded,3,5,2,0.000186299,0.000197581,,,0.000013417,95160,yes
family-g1-h3-a2-b2,legacy-finite-family,family,1,4,5,1,3,64,optimal_bounded,4,1,32,24,2,20,1093,retained-legacy-dense-and-interval-check-record,optimal_bounded,4,64,1220,optimal_bounded,4,5,2,0.000185013,0.000193968,,,0.000012731,95160,yes
family-g1-h3-a2-b3,legacy-finite-family,family,1,4,5,1,3,64,optimal_bounded,5,1,32,24,2,20,1093,retained-legacy-dense-and-interval-check-record,optimal_bounded,5,64,1220,optimal_bounded,5,5,2,0.000190547,0.000203114,,,0.000013663,95160,yes
family-g1-h3-a3-b0,legacy-finite-family,family,1,4,5,1,3,64,optimal_bounded,3,1,32,24,2,20,1093,retained-legacy-dense-and-interval-check-record,optimal_bounded,3,64,1220,optimal_bounded,3,5,2,0.000388863,0.000201233,,,0.000013718,95160,yes
family-g1-h3-a3-b1,legacy-finite-family,family,1,4,5,1,3,64,optimal_bounded,4,1,32,24,2,20,1093,retained-legacy-dense-and-interval-check-record,optimal_bounded,4,64,1220,optimal_bounded,4,5,2,0.000192744,0.000201362,,,0.000014413,95160,yes
family-g1-h3-a3-b2,legacy-finite-family,family,1,4,5,1,3,64,optimal_bounded,5,1,32,24,2,20,1093,retained-legacy-dense-and-interval-check-record,optimal_bounded,5,64,1220,optimal_bounded,5,5,2,0.000183284,0.000200616,,,0.000013576,95160,yes
family-g1-h3-a3-b3,legacy-finite-family,family,1,4,5,1,3,64,optimal_bounded,6,1,32,24,2,20,1093,retained-legacy-dense-and-interval-check-record,optimal_bounded,6,64,1220,optimal_bounded,6,5,2,0.000221018,0.000199787,,,0.000014307,95160,yes
family-g1-h4-a0-b0,legacy-finite-family,family,1,4,5,1,4,80,optimal_bounded,0,1,40,32,2,28,1223,retained-legacy-dense-and-interval-check-record,optimal_bounded,0,80,1316,optimal_bounded,0,5,2,0.000233623,0.000308399,,,0.000013686,95160,yes
family-g1-h4-a0-b1,legacy-finite-family,family,1,4,5,1,4,80,optimal_bounded,1,1,40,32,2,28,1223,retained-legacy-dense-and-interval-check-record,optimal_bounded,1,80,1316,optimal_bounded,1,5,2,0.000227788,0.000265907,,,0.000013676,95160,yes
family-g1-h4-a0-b2,legacy-finite-family,family,1,4,5,1,4,80,optimal_bounded,2,1,40,32,2,28,1223,retained-legacy-dense-and-interval-check-record,optimal_bounded,2,80,1316,optimal_bounded,2,5,2,0.000219070,0.000235071,,,0.000013444,95160,yes
family-g1-h4-a0-b3,legacy-finite-family,family,1,4,5,1,4,80,optimal_bounded,3,1,40,32,2,28,1223,retained-legacy-dense-and-interval-check-record,optimal_bounded,3,80,1316,optimal_bounded,3,5,2,0.000229910,0.000258414,,,0.000013630,95160,yes
family-g1-h4-a1-b0,legacy-finite-family,family,1,4,5,1,4,80,optimal_bounded,1,1,40,32,2,28,1223,retained-legacy-dense-and-interval-check-record,optimal_bounded,1,80,1380,optimal_bounded,1,5,2,0.000231871,0.000234429,,,0.000013277,95160,yes
family-g1-h4-a1-b1,legacy-finite-family,family,1,4,5,1,4,80,optimal_bounded,2,1,40,32,2,28,1223,retained-legacy-dense-and-interval-check-record,optimal_bounded,2,80,1380,optimal_bounded,2,5,2,0.000303200,0.000236446,,,0.000012925,95160,yes
family-g1-h4-a1-b2,legacy-finite-family,family,1,4,5,1,4,80,optimal_bounded,3,1,40,32,2,28,1223,retained-legacy-dense-and-interval-check-record,optimal_bounded,3,80,1380,optimal_bounded,3,5,2,0.000259345,0.000232865,,,0.000012712,95160,yes
family-g1-h4-a1-b3,legacy-finite-family,family,1,4,5,1,4,80,optimal_bounded,4,1,40,32,2,28,1223,retained-legacy-dense-and-interval-check-record,optimal_bounded,4,80,1380,optimal_bounded,4,5,2,0.000219088,0.000265318,,,0.000013359,95160,yes
family-g1-h4-a2-b0,legacy-finite-family,family,1,4,5,1,4,80,optimal_bounded,2,1,40,32,2,28,1223,retained-legacy-dense-and-interval-check-record,optimal_bounded,2,80,1380,optimal_bounded,2,5,2,0.000231560,0.000372440,,,0.000013611,95160,yes
family-g1-h4-a2-b1,legacy-finite-family,family,1,4,5,1,4,80,optimal_bounded,3,1,40,32,2,28,1223,retained-legacy-dense-and-interval-check-record,optimal_bounded,3,80,1380,optimal_bounded,3,5,2,0.000230396,0.000255177,,,0.000015254,95160,yes
family-g1-h4-a2-b2,legacy-finite-family,family,1,4,5,1,4,80,optimal_bounded,4,1,40,32,2,28,1223,retained-legacy-dense-and-interval-check-record,optimal_bounded,4,80,1380,optimal_bounded,4,5,2,0.000236351,0.000239345,,,0.000013790,95160,yes
family-g1-h4-a2-b3,legacy-finite-family,family,1,4,5,1,4,80,optimal_bounded,5,1,40,32,2,28,1223,retained-legacy-dense-and-interval-check-record,optimal_bounded,5,80,1380,optimal_bounded,5,5,2,0.000457414,0.000237125,,,0.000013842,95160,yes
family-g1-h4-a3-b0,legacy-finite-family,family,1,4,5,1,4,80,optimal_bounded,3,1,40,32,2,28,1223,retained-legacy-dense-and-interval-check-record,optimal_bounded,3,80,1380,optimal_bounded,3,5,2,0.001131627,0.000294405,,,0.000015722,95160,yes
family-g1-h4-a3-b1,legacy-finite-family,family,1,4,5,1,4,80,optimal_bounded,4,1,40,32,2,28,1223,retained-legacy-dense-and-interval-check-record,optimal_bounded,4,80,1380,optimal_bounded,4,5,2,0.000417229,0.000735041,,,0.000015318,95160,yes
family-g1-h4-a3-b2,legacy-finite-family,family,1,4,5,1,4,80,optimal_bounded,5,1,40,32,2,28,1223,retained-legacy-dense-and-interval-check-record,optimal_bounded,5,80,1380,optimal_bounded,5,5,2,0.000238897,0.000243773,,,0.000014459,95160,yes
family-g1-h4-a3-b3,legacy-finite-family,family,1,4,5,1,4,80,optimal_bounded,6,1,40,32,2,28,1223,retained-legacy-dense-and-interval-check-record,optimal_bounded,6,80,1380,optimal_bounded,6,5,2,0.000229458,0.000234407,,,0.000013288,95160,yes
family-g2-h0-a0-b0,legacy-finite-family,family,1,4,5,2,0,24,safe_bounded,,,8,2,1,0,648,retained-legacy-dense-and-interval-check-record,safe_bounded,,24,709,safe_bounded,,1,0,0.000044626,0.000082599,,,0.000004469,95160,yes
family-g2-h0-a0-b1,legacy-finite-family,family,1,4,5,2,0,24,safe_bounded,,,8,2,1,0,648,retained-legacy-dense-and-interval-check-record,safe_bounded,,24,709,safe_bounded,,1,0,0.000043979,0.000077724,,,0.000003859,95160,yes
family-g2-h0-a0-b2,legacy-finite-family,family,1,4,5,2,0,24,safe_bounded,,,8,2,1,0,648,retained-legacy-dense-and-interval-check-record,safe_bounded,,24,709,safe_bounded,,1,0,0.000041405,0.000076575,,,0.000003672,95160,yes
family-g2-h0-a0-b3,legacy-finite-family,family,1,4,5,2,0,24,safe_bounded,,,8,2,1,0,648,retained-legacy-dense-and-interval-check-record,safe_bounded,,24,709,safe_bounded,,1,0,0.000041940,0.000074722,,,0.000003971,95160,yes
family-g2-h0-a1-b0,legacy-finite-family,family,1,4,5,2,0,24,safe_bounded,,,8,2,1,0,648,retained-legacy-dense-and-interval-check-record,safe_bounded,,24,709,safe_bounded,,1,0,0.000051338,0.000083405,,,0.000004742,95160,yes
family-g2-h0-a1-b1,legacy-finite-family,family,1,4,5,2,0,24,safe_bounded,,,8,2,1,0,648,retained-legacy-dense-and-interval-check-record,safe_bounded,,24,709,safe_bounded,,1,0,0.000046622,0.000083820,,,0.000004414,95160,yes
family-g2-h0-a1-b2,legacy-finite-family,family,1,4,5,2,0,24,safe_bounded,,,8,2,1,0,648,retained-legacy-dense-and-interval-check-record,safe_bounded,,24,709,safe_bounded,,1,0,0.000043087,0.000078248,,,0.000004337,95160,yes
family-g2-h0-a1-b3,legacy-finite-family,family,1,4,5,2,0,24,safe_bounded,,,8,2,1,0,648,retained-legacy-dense-and-interval-check-record,safe_bounded,,24,709,safe_bounded,,1,0,0.000083578,0.000076551,,,0.000003975,95160,yes
family-g2-h0-a2-b0,legacy-finite-family,family,1,4,5,2,0,24,safe_bounded,,,8,2,1,0,648,retained-legacy-dense-and-interval-check-record,safe_bounded,,24,709,safe_bounded,,1,0,0.000043211,0.000080658,,,0.000004123,95160,yes
family-g2-h0-a2-b1,legacy-finite-family,family,1,4,5,2,0,24,safe_bounded,,,8,2,1,0,648,retained-legacy-dense-and-interval-check-record,safe_bounded,,24,709,safe_bounded,,1,0,0.000041464,0.000076131,,,0.000004154,95160,yes
family-g2-h0-a2-b2,legacy-finite-family,family,1,4,5,2,0,24,safe_bounded,,,8,2,1,0,648,retained-legacy-dense-and-interval-check-record,safe_bounded,,24,709,safe_bounded,,1,0,0.000054044,0.000083632,,,0.000005240,95160,yes
family-g2-h0-a2-b3,legacy-finite-family,family,1,4,5,2,0,24,safe_bounded,,,8,2,1,0,648,retained-legacy-dense-and-interval-check-record,safe_bounded,,24,709,safe_bounded,,1,0,0.000044046,0.000177328,,,0.000004921,95160,yes
family-g2-h0-a3-b0,legacy-finite-family,family,1,4,5,2,0,24,safe_bounded,,,8,2,1,0,648,retained-legacy-dense-and-interval-check-record,safe_bounded,,24,709,safe_bounded,,1,0,0.000043628,0.000076546,,,0.000004080,95160,yes
family-g2-h0-a3-b1,legacy-finite-family,family,1,4,5,2,0,24,safe_bounded,,,8,2,1,0,648,retained-legacy-dense-and-interval-check-record,safe_bounded,,24,709,safe_bounded,,1,0,0.000047791,0.000082470,,,0.000004254,95160,yes
family-g2-h0-a3-b2,legacy-finite-family,family,1,4,5,2,0,24,safe_bounded,,,8,2,1,0,648,retained-legacy-dense-and-interval-check-record,safe_bounded,,24,709,safe_bounded,,1,0,0.000042626,0.000179300,,,0.000004310,95160,yes
family-g2-h0-a3-b3,legacy-finite-family,family,1,4,5,2,0,24,safe_bounded,,,8,2,1,0,648,retained-legacy-dense-and-interval-check-record,safe_bounded,,24,709,safe_bounded,,1,0,0.000043800,0.000076401,,,0.000003989,95160,yes
family-g2-h1-a0-b0,legacy-finite-family,family,1,4,5,2,1,48,optimal_bounded,9,0,16,8,1,4,829,retained-legacy-dense-and-interval-check-record,optimal_bounded,9,48,896,optimal_bounded,9,4,1,0.000104804,0.000127005,,,0.000011027,95160,yes
family-g2-h1-a0-b1,legacy-finite-family,family,1,4,5,2,1,48,optimal_bounded,9,0,16,8,1,4,829,retained-legacy-dense-and-interval-check-record,optimal_bounded,9,48,896,optimal_bounded,9,4,1,0.000102557,0.000125949,,,0.000011120,95160,yes
family-g2-h1-a0-b2,legacy-finite-family,family,1,4,5,2,1,48,optimal_bounded,9,0,16,8,1,4,829,retained-legacy-dense-and-interval-check-record,optimal_bounded,9,48,896,optimal_bounded,9,4,1,0.000103705,0.000173395,,,0.000010715,95160,yes
family-g2-h1-a0-b3,legacy-finite-family,family,1,4,5,2,1,48,optimal_bounded,9,0,16,8,1,4,829,retained-legacy-dense-and-interval-check-record,optimal_bounded,9,48,896,optimal_bounded,9,4,1,0.000114347,0.000131937,,,0.000011628,95160,yes
family-g2-h1-a1-b0,legacy-finite-family,family,1,4,5,2,1,48,optimal_bounded,9,0,16,8,1,4,829,retained-legacy-dense-and-interval-check-record,optimal_bounded,9,48,896,optimal_bounded,9,4,1,0.000104693,0.000125260,,,0.000010920,95160,yes
family-g2-h1-a1-b1,legacy-finite-family,family,1,4,5,2,1,48,optimal_bounded,9,0,16,8,1,4,829,retained-legacy-dense-and-interval-check-record,optimal_bounded,9,48,896,optimal_bounded,9,4,1,0.000100433,0.000149519,,,0.000010585,95160,yes
family-g2-h1-a1-b2,legacy-finite-family,family,1,4,5,2,1,48,optimal_bounded,9,0,16,8,1,4,829,retained-legacy-dense-and-interval-check-record,optimal_bounded,9,48,896,optimal_bounded,9,4,1,0.000103889,0.000126589,,,0.000010280,95160,yes
family-g2-h1-a1-b3,legacy-finite-family,family,1,4,5,2,1,48,optimal_bounded,9,0,16,8,1,4,829,retained-legacy-dense-and-interval-check-record,optimal_bounded,9,48,896,optimal_bounded,9,4,1,0.000098251,0.000155482,,,0.000010392,95160,yes
family-g2-h1-a2-b0,legacy-finite-family,family,1,4,5,2,1,48,optimal_bounded,9,0,16,8,1,4,829,retained-legacy-dense-and-interval-check-record,optimal_bounded,9,48,896,optimal_bounded,9,4,1,0.000099275,0.000118375,,,0.000009960,95160,yes
family-g2-h1-a2-b1,legacy-finite-family,family,1,4,5,2,1,48,optimal_bounded,9,0,16,8,1,4,829,retained-legacy-dense-and-interval-check-record,optimal_bounded,9,48,896,optimal_bounded,9,4,1,0.000100599,0.000159772,,,0.000010321,95160,yes
family-g2-h1-a2-b2,legacy-finite-family,family,1,4,5,2,1,48,optimal_bounded,9,0,16,8,1,4,829,retained-legacy-dense-and-interval-check-record,optimal_bounded,9,48,896,optimal_bounded,9,4,1,0.000321848,0.000128491,,,0.000010926,95160,yes
family-g2-h1-a2-b3,legacy-finite-family,family,1,4,5,2,1,48,optimal_bounded,9,0,16,8,1,4,829,retained-legacy-dense-and-interval-check-record,optimal_bounded,9,48,896,optimal_bounded,9,4,1,0.000105856,0.000123377,,,0.000010444,95160,yes
family-g2-h1-a3-b0,legacy-finite-family,family,1,4,5,2,1,48,optimal_bounded,9,0,16,8,1,4,829,retained-legacy-dense-and-interval-check-record,optimal_bounded,9,48,896,optimal_bounded,9,4,1,0.000100302,0.000150679,,,0.000009986,95160,yes
family-g2-h1-a3-b1,legacy-finite-family,family,1,4,5,2,1,48,optimal_bounded,9,0,16,8,1,4,829,retained-legacy-dense-and-interval-check-record,optimal_bounded,9,48,896,optimal_bounded,9,4,1,0.000100445,0.000124097,,,0.000010439,95160,yes
family-g2-h1-a3-b2,legacy-finite-family,family,1,4,5,2,1,48,optimal_bounded,9,0,16,8,1,4,829,retained-legacy-dense-and-interval-check-record,optimal_bounded,9,48,896,optimal_bounded,9,4,1,0.000098078,0.000156808,,,0.000010203,95160,yes
family-g2-h1-a3-b3,legacy-finite-family,family,1,4,5,2,1,48,optimal_bounded,9,0,16,8,1,4,829,retained-legacy-dense-and-interval-check-record,optimal_bounded,9,48,896,optimal_bounded,9,4,1,0.000099542,0.000120187,,,0.000009964,95160,yes
family-g2-h2-a0-b0,legacy-finite-family,family,1,4,5,2,2,72,optimal_bounded,0,1,24,18,2,12,973,retained-legacy-dense-and-interval-check-record,optimal_bounded,0,72,1028,optimal_bounded,0,6,2,0.000173751,0.000279129,,,0.000016492,95160,yes
family-g2-h2-a0-b1,legacy-finite-family,family,1,4,5,2,2,72,optimal_bounded,1,1,24,18,2,12,973,retained-legacy-dense-and-interval-check-record,optimal_bounded,1,72,1028,optimal_bounded,1,6,2,0.000148638,0.000245585,,,0.000014383,95160,yes
family-g2-h2-a0-b2,legacy-finite-family,family,1,4,5,2,2,72,optimal_bounded,2,1,24,18,2,12,973,retained-legacy-dense-and-interval-check-record,optimal_bounded,2,72,1028,optimal_bounded,2,6,2,0.000236170,0.000173004,,,0.000014423,95160,yes
family-g2-h2-a0-b3,legacy-finite-family,family,1,4,5,2,2,72,optimal_bounded,3,1,24,18,2,12,973,retained-legacy-dense-and-interval-check-record,optimal_bounded,3,72,1028,optimal_bounded,3,6,2,0.000148149,0.000162288,,,0.000013782,95160,yes
family-g2-h2-a1-b0,legacy-finite-family,family,1,4,5,2,2,72,optimal_bounded,1,1,24,18,2,12,973,retained-legacy-dense-and-interval-check-record,optimal_bounded,1,72,1076,optimal_bounded,1,6,2,0.000146529,0.000394413,,,0.000014640,95160,yes
family-g2-h2-a1-b1,legacy-finite-family,family,1,4,5,2,2,72,optimal_bounded,2,1,24,18,2,12,973,retained-legacy-dense-and-interval-check-record,optimal_bounded,2,72,1076,optimal_bounded,2,6,2,0.000151938,0.000199019,,,0.000014192,95160,yes
family-g2-h2-a1-b2,legacy-finite-family,family,1,4,5,2,2,72,optimal_bounded,3,1,24,18,2,12,973,retained-legacy-dense-and-interval-check-record,optimal_bounded,3,72,1076,optimal_bounded,3,6,2,0.000149693,0.000164418,,,0.000013807,95160,yes
family-g2-h2-a1-b3,legacy-finite-family,family,1,4,5,2,2,72,optimal_bounded,4,1,24,18,2,12,973,retained-legacy-dense-and-interval-check-record,optimal_bounded,4,72,1076,optimal_bounded,4,6,2,0.000151917,0.000262267,,,0.000015519,95160,yes
family-g2-h2-a2-b0,legacy-finite-family,family,1,4,5,2,2,72,optimal_bounded,2,1,24,18,2,12,973,retained-legacy-dense-and-interval-check-record,optimal_bounded,2,72,1076,optimal_bounded,2,6,2,0.000151094,0.000165428,,,0.000014362,95160,yes
family-g2-h2-a2-b1,legacy-finite-family,family,1,4,5,2,2,72,optimal_bounded,3,1,24,18,2,12,973,retained-legacy-dense-and-interval-check-record,optimal_bounded,3,72,1076,optimal_bounded,3,6,2,0.000147054,0.000197781,,,0.000014586,95160,yes
family-g2-h2-a2-b2,legacy-finite-family,family,1,4,5,2,2,72,optimal_bounded,4,1,24,18,2,12,973,retained-legacy-dense-and-interval-check-record,optimal_bounded,4,72,1076,optimal_bounded,4,6,2,0.000145825,0.000164920,,,0.000013872,95160,yes
family-g2-h2-a2-b3,legacy-finite-family,family,1,4,5,2,2,72,optimal_bounded,5,1,24,18,2,12,973,retained-legacy-dense-and-interval-check-record,optimal_bounded,5,72,1076,optimal_bounded,5,6,2,0.000180393,0.000163102,,,0.000013395,95160,yes
family-g2-h2-a3-b0,legacy-finite-family,family,1,4,5,2,2,72,optimal_bounded,3,1,24,18,2,12,973,retained-legacy-dense-and-interval-check-record,optimal_bounded,3,72,1076,optimal_bounded,3,6,2,0.000156802,0.000268999,,,0.000016284,95160,yes
family-g2-h2-a3-b1,legacy-finite-family,family,1,4,5,2,2,72,optimal_bounded,4,1,24,18,2,12,973,retained-legacy-dense-and-interval-check-record,optimal_bounded,4,72,1076,optimal_bounded,4,6,2,0.000149051,0.000167117,,,0.000014407,95160,yes
family-g2-h2-a3-b2,legacy-finite-family,family,1,4,5,2,2,72,optimal_bounded,5,1,24,18,2,12,973,retained-legacy-dense-and-interval-check-record,optimal_bounded,5,72,1076,optimal_bounded,5,6,2,0.000145093,0.000163243,,,0.000014084,95160,yes
family-g2-h2-a3-b3,legacy-finite-family,family,1,4,5,2,2,72,optimal_bounded,6,1,24,18,2,12,973,retained-legacy-dense-and-interval-check-record,optimal_bounded,6,72,1076,optimal_bounded,6,6,2,0.000148915,0.000202961,,,0.000013873,95160,yes
family-g2-h3-a0-b0,legacy-finite-family,family,1,4,5,2,3,96,optimal_bounded,0,1,32,28,2,22,1113,retained-legacy-dense-and-interval-check-record,optimal_bounded,0,96,1172,optimal_bounded,0,6,2,0.000189505,0.000202882,,,0.000013397,95160,yes
family-g2-h3-a0-b1,legacy-finite-family,family,1,4,5,2,3,96,optimal_bounded,1,1,32,28,2,22,1113,retained-legacy-dense-and-interval-check-record,optimal_bounded,1,96,1172,optimal_bounded,1,6,2,0.000186392,0.000297482,,,0.000014548,95160,yes
family-g2-h3-a0-b2,legacy-finite-family,family,1,4,5,2,3,96,optimal_bounded,2,1,32,28,2,22,1113,retained-legacy-dense-and-interval-check-record,optimal_bounded,2,96,1172,optimal_bounded,2,6,2,0.000243870,0.000208469,,,0.000014596,95160,yes
family-g2-h3-a0-b3,legacy-finite-family,family,1,4,5,2,3,96,optimal_bounded,3,1,32,28,2,22,1113,retained-legacy-dense-and-interval-check-record,optimal_bounded,3,96,1172,optimal_bounded,3,6,2,0.000185744,0.000230862,,,0.000013915,95160,yes
family-g2-h3-a1-b0,legacy-finite-family,family,1,4,5,2,3,96,optimal_bounded,1,1,32,28,2,22,1113,retained-legacy-dense-and-interval-check-record,optimal_bounded,1,96,1252,optimal_bounded,1,6,2,0.000188453,0.000204494,,,0.000014539,95160,yes
family-g2-h3-a1-b1,legacy-finite-family,family,1,4,5,2,3,96,optimal_bounded,2,1,32,28,2,22,1113,retained-legacy-dense-and-interval-check-record,optimal_bounded,2,96,1252,optimal_bounded,2,6,2,0.000189599,0.000201860,,,0.000014082,95160,yes
family-g2-h3-a1-b2,legacy-finite-family,family,1,4,5,2,3,96,optimal_bounded,3,1,32,28,2,22,1113,retained-legacy-dense-and-interval-check-record,optimal_bounded,3,96,1252,optimal_bounded,3,6,2,0.000213233,0.000205969,,,0.000018527,95160,yes
family-g2-h3-a1-b3,legacy-finite-family,family,1,4,5,2,3,96,optimal_bounded,4,1,32,28,2,22,1113,retained-legacy-dense-and-interval-check-record,optimal_bounded,4,96,1252,optimal_bounded,4,6,2,0.000194488,0.000302557,,,0.000016164,95160,yes
family-g2-h3-a2-b0,legacy-finite-family,family,1,4,5,2,3,96,optimal_bounded,2,1,32,28,2,22,1113,retained-legacy-dense-and-interval-check-record,optimal_bounded,2,96,1252,optimal_bounded,2,6,2,0.000591703,0.000212353,,,0.000016011,95160,yes
family-g2-h3-a2-b1,legacy-finite-family,family,1,4,5,2,3,96,optimal_bounded,3,1,32,28,2,22,1113,retained-legacy-dense-and-interval-check-record,optimal_bounded,3,96,1252,optimal_bounded,3,6,2,0.000193114,0.000201892,,,0.000014719,95160,yes
family-g2-h3-a2-b2,legacy-finite-family,family,1,4,5,2,3,96,optimal_bounded,4,1,32,28,2,22,1113,retained-legacy-dense-and-interval-check-record,optimal_bounded,4,96,1252,optimal_bounded,4,6,2,0.000185037,0.000202057,,,0.000014378,95160,yes
family-g2-h3-a2-b3,legacy-finite-family,family,1,4,5,2,3,96,optimal_bounded,5,1,32,28,2,22,1113,retained-legacy-dense-and-interval-check-record,optimal_bounded,5,96,1252,optimal_bounded,5,6,2,0.001151511,0.000369687,,,0.000022102,95160,yes
family-g2-h3-a3-b0,legacy-finite-family,family,1,4,5,2,3,96,optimal_bounded,3,1,32,28,2,22,1113,retained-legacy-dense-and-interval-check-record,optimal_bounded,3,96,1252,optimal_bounded,3,6,2,0.000240244,0.000214092,,,0.000015988,95160,yes
family-g2-h3-a3-b1,legacy-finite-family,family,1,4,5,2,3,96,optimal_bounded,4,1,32,28,2,22,1113,retained-legacy-dense-and-interval-check-record,optimal_bounded,4,96,1252,optimal_bounded,4,6,2,0.000188823,0.000210068,,,0.000015343,95160,yes
family-g2-h3-a3-b2,legacy-finite-family,family,1,4,5,2,3,96,optimal_bounded,5,1,32,28,2,22,1113,retained-legacy-dense-and-interval-check-record,optimal_bounded,5,96,1252,optimal_bounded,5,6,2,0.000197831,0.000408862,,,0.000021159,95160,yes
family-g2-h3-a3-b3,legacy-finite-family,family,1,4,5,2,3,96,optimal_bounded,6,1,32,28,2,22,1113,retained-legacy-dense-and-interval-check-record,optimal_bounded,6,96,1252,optimal_bounded,6,6,2,0.000204642,0.000482827,,,0.000017733,95160,yes
family-g2-h4-a0-b0,legacy-finite-family,family,1,4,5,2,4,120,optimal_bounded,0,1,40,38,2,32,1253,retained-legacy-dense-and-interval-check-record,optimal_bounded,0,120,1316,optimal_bounded,0,6,2,0.000626237,0.000319490,,,0.000016591,95160,yes
family-g2-h4-a0-b1,legacy-finite-family,family,1,4,5,2,4,120,optimal_bounded,1,1,40,38,2,32,1253,retained-legacy-dense-and-interval-check-record,optimal_bounded,1,120,1316,optimal_bounded,1,6,2,0.000318443,0.000328011,,,0.000016051,95160,yes
family-g2-h4-a0-b2,legacy-finite-family,family,1,4,5,2,4,120,optimal_bounded,2,1,40,38,2,32,1253,retained-legacy-dense-and-interval-check-record,optimal_bounded,2,120,1316,optimal_bounded,2,6,2,0.000297787,0.000337218,,,0.000016784,95160,yes
family-g2-h4-a0-b3,legacy-finite-family,family,1,4,5,2,4,120,optimal_bounded,3,1,40,38,2,32,1253,retained-legacy-dense-and-interval-check-record,optimal_bounded,3,120,1316,optimal_bounded,3,6,2,0.000270703,0.000245615,,,0.000015639,95160,yes
family-g2-h4-a1-b0,legacy-finite-family,family,1,4,5,2,4,120,optimal_bounded,1,1,40,38,2,32,1253,retained-legacy-dense-and-interval-check-record,optimal_bounded,1,120,1428,optimal_bounded,1,6,2,0.000517283,0.000451550,,,0.000016537,95160,yes
family-g2-h4-a1-b1,legacy-finite-family,family,1,4,5,2,4,120,optimal_bounded,2,1,40,38,2,32,1253,retained-legacy-dense-and-interval-check-record,optimal_bounded,2,120,1428,optimal_bounded,2,6,2,0.000475721,0.000339016,,,0.000016044,95160,yes
family-g2-h4-a1-b2,legacy-finite-family,family,1,4,5,2,4,120,optimal_bounded,3,1,40,38,2,32,1253,retained-legacy-dense-and-interval-check-record,optimal_bounded,3,120,1428,optimal_bounded,3,6,2,0.000325907,0.000289231,,,0.000015492,95160,yes
family-g2-h4-a1-b3,legacy-finite-family,family,1,4,5,2,4,120,optimal_bounded,4,1,40,38,2,32,1253,retained-legacy-dense-and-interval-check-record,optimal_bounded,4,120,1428,optimal_bounded,4,6,2,0.000228696,0.000445997,,,0.000016277,95160,yes
family-g2-h4-a2-b0,legacy-finite-family,family,1,4,5,2,4,120,optimal_bounded,2,1,40,38,2,32,1253,retained-legacy-dense-and-interval-check-record,optimal_bounded,2,120,1428,optimal_bounded,2,6,2,0.000237330,0.000324988,,,0.000015807,95160,yes
family-g2-h4-a2-b1,legacy-finite-family,family,1,4,5,2,4,120,optimal_bounded,3,1,40,38,2,32,1253,retained-legacy-dense-and-interval-check-record,optimal_bounded,3,120,1428,optimal_bounded,3,6,2,0.000383370,0.000335412,,,0.000016636,95160,yes
family-g2-h4-a2-b2,legacy-finite-family,family,1,4,5,2,4,120,optimal_bounded,4,1,40,38,2,32,1253,retained-legacy-dense-and-interval-check-record,optimal_bounded,4,120,1428,optimal_bounded,4,6,2,0.000406868,0.000245341,,,0.000015014,95160,yes
family-g2-h4-a2-b3,legacy-finite-family,family,1,4,5,2,4,120,optimal_bounded,5,1,40,38,2,32,1253,retained-legacy-dense-and-interval-check-record,optimal_bounded,5,120,1428,optimal_bounded,5,6,2,0.000234364,0.001309054,,,0.000017600,95160,yes
family-g2-h4-a3-b0,legacy-finite-family,family,1,4,5,2,4,120,optimal_bounded,3,1,40,38,2,32,1253,retained-legacy-dense-and-interval-check-record,optimal_bounded,3,120,1428,optimal_bounded,3,6,2,0.000239546,0.000310934,,,0.000017334,95160,yes
family-g2-h4-a3-b1,legacy-finite-family,family,1,4,5,2,4,120,optimal_bounded,4,1,40,38,2,32,1253,retained-legacy-dense-and-interval-check-record,optimal_bounded,4,120,1428,optimal_bounded,4,6,2,0.001673355,0.000621506,,,0.000016032,95160,yes
family-g2-h4-a3-b2,legacy-finite-family,family,1,4,5,2,4,120,optimal_bounded,5,1,40,38,2,32,1253,retained-legacy-dense-and-interval-check-record,optimal_bounded,5,120,1428,optimal_bounded,5,6,2,0.000262339,0.001689503,,,0.000018012,95160,yes
family-g2-h4-a3-b3,legacy-finite-family,family,1,4,5,2,4,120,optimal_bounded,6,1,40,38,2,32,1253,retained-legacy-dense-and-interval-check-record,optimal_bounded,6,120,1428,optimal_bounded,6,6,2,0.000242658,0.000245394,,,0.000016090,95160,yes
family-g3-h0-a0-b0,legacy-finite-family,family,1,4,5,3,0,32,safe_bounded,,,8,2,1,0,648,retained-legacy-dense-and-interval-check-record,safe_bounded,,32,709,safe_bounded,,1,0,0.000057583,0.000090521,,,0.000005351,95160,yes
family-g3-h0-a0-b1,legacy-finite-family,family,1,4,5,3,0,32,safe_bounded,,,8,2,1,0,648,retained-legacy-dense-and-interval-check-record,safe_bounded,,32,709,safe_bounded,,1,0,0.000044507,0.000079231,,,0.000004247,95160,yes
family-g3-h0-a0-b2,legacy-finite-family,family,1,4,5,3,0,32,safe_bounded,,,8,2,1,0,648,retained-legacy-dense-and-interval-check-record,safe_bounded,,32,709,safe_bounded,,1,0,0.000049137,0.000079377,,,0.000004342,95160,yes
family-g3-h0-a0-b3,legacy-finite-family,family,1,4,5,3,0,32,safe_bounded,,,8,2,1,0,648,retained-legacy-dense-and-interval-check-record,safe_bounded,,32,709,safe_bounded,,1,0,0.000043368,0.000074903,,,0.000003738,95160,yes
family-g3-h0-a1-b0,legacy-finite-family,family,1,4,5,3,0,32,safe_bounded,,,8,2,1,0,648,retained-legacy-dense-and-interval-check-record,safe_bounded,,32,709,safe_bounded,,1,0,0.000042575,0.002282725,,,0.000006300,95160,yes
family-g3-h0-a1-b1,legacy-finite-family,family,1,4,5,3,0,32,safe_bounded,,,8,2,1,0,648,retained-legacy-dense-and-interval-check-record,safe_bounded,,32,709,safe_bounded,,1,0,0.000053604,0.000085640,,,0.000004423,95160,yes
family-g3-h0-a1-b2,legacy-finite-family,family,1,4,5,3,0,32,safe_bounded,,,8,2,1,0,648,retained-legacy-dense-and-interval-check-record,safe_bounded,,32,709,safe_bounded,,1,0,0.000060284,0.000085057,,,0.000005427,95160,yes
family-g3-h0-a1-b3,legacy-finite-family,family,1,4,5,3,0,32,safe_bounded,,,8,2,1,0,648,retained-legacy-dense-and-interval-check-record,safe_bounded,,32,709,safe_bounded,,1,0,0.000045227,0.000080404,,,0.000003966,95160,yes
family-g3-h0-a2-b0,legacy-finite-family,family,1,4,5,3,0,32,safe_bounded,,,8,2,1,0,648,retained-legacy-dense-and-interval-check-record,safe_bounded,,32,709,safe_bounded,,1,0,0.000042123,0.000175850,,,0.000004560,95160,yes
family-g3-h0-a2-b1,legacy-finite-family,family,1,4,5,3,0,32,safe_bounded,,,8,2,1,0,648,retained-legacy-dense-and-interval-check-record,safe_bounded,,32,709,safe_bounded,,1,0,0.000042629,0.000077210,,,0.000004121,95160,yes
family-g3-h0-a2-b2,legacy-finite-family,family,1,4,5,3,0,32,safe_bounded,,,8,2,1,0,648,retained-legacy-dense-and-interval-check-record,safe_bounded,,32,709,safe_bounded,,1,0,0.000040449,0.000076376,,,0.000003492,95160,yes
family-g3-h0-a2-b3,legacy-finite-family,family,1,4,5,3,0,32,safe_bounded,,,8,2,1,0,648,retained-legacy-dense-and-interval-check-record,safe_bounded,,32,709,safe_bounded,,1,0,0.000058984,0.000084170,,,0.000005250,95160,yes
family-g3-h0-a3-b0,legacy-finite-family,family,1,4,5,3,0,32,safe_bounded,,,8,2,1,0,648,retained-legacy-dense-and-interval-check-record,safe_bounded,,32,709,safe_bounded,,1,0,0.000044699,0.002233213,,,0.000006217,95160,yes
family-g3-h0-a3-b1,legacy-finite-family,family,1,4,5,3,0,32,safe_bounded,,,8,2,1,0,648,retained-legacy-dense-and-interval-check-record,safe_bounded,,32,709,safe_bounded,,1,0,0.000048628,0.000086928,,,0.000004948,95160,yes
family-g3-h0-a3-b2,legacy-finite-family,family,1,4,5,3,0,32,safe_bounded,,,8,2,1,0,648,retained-legacy-dense-and-interval-check-record,safe_bounded,,32,709,safe_bounded,,1,0,0.000043486,0.000080156,,,0.000004464,95160,yes
family-g3-h0-a3-b3,legacy-finite-family,family,1,4,5,3,0,32,safe_bounded,,,8,2,1,0,648,retained-legacy-dense-and-interval-check-record,safe_bounded,,32,709,safe_bounded,,1,0,0.000042585,0.000076100,,,0.000004152,95160,yes
family-g3-h1-a0-b0,legacy-finite-family,family,1,4,5,3,1,64,optimal_bounded,9,0,16,8,1,4,829,retained-legacy-dense-and-interval-check-record,optimal_bounded,9,64,896,optimal_bounded,9,4,1,0.000103936,0.000162451,,,0.000011594,95160,yes
family-g3-h1-a0-b1,legacy-finite-family,family,1,4,5,3,1,64,optimal_bounded,9,0,16,8,1,4,829,retained-legacy-dense-and-interval-check-record,optimal_bounded,9,64,896,optimal_bounded,9,4,1,0.000101262,0.004273710,,,0.000013788,95160,yes
family-g3-h1-a0-b2,legacy-finite-family,family,1,4,5,3,1,64,optimal_bounded,9,0,16,8,1,4,829,retained-legacy-dense-and-interval-check-record,optimal_bounded,9,64,896,optimal_bounded,9,4,1,0.000115137,0.000132708,,,0.000011996,95160,yes
family-g3-h1-a0-b3,legacy-finite-family,family,1,4,5,3,1,64,optimal_bounded,9,0,16,8,1,4,829,retained-legacy-dense-and-interval-check-record,optimal_bounded,9,64,896,optimal_bounded,9,4,1,0.000117028,0.000131972,,,0.000012343,95160,yes
family-g3-h1-a1-b0,legacy-finite-family,family,1,4,5,3,1,64,optimal_bounded,9,0,16,8,1,4,829,retained-legacy-dense-and-interval-check-record,optimal_bounded,9,64,896,optimal_bounded,9,4,1,0.000100849,0.000123941,,,0.000011106,95160,yes
family-g3-h1-a1-b1,legacy-finite-family,family,1,4,5,3,1,64,optimal_bounded,9,0,16,8,1,4,829,retained-legacy-dense-and-interval-check-record,optimal_bounded,9,64,896,optimal_bounded,9,4,1,0.000101163,0.000120324,,,0.000010956,95160,yes
family-g3-h1-a1-b2,legacy-finite-family,family,1,4,5,3,1,64,optimal_bounded,9,0,16,8,1,4,829,retained-legacy-dense-and-interval-check-record,optimal_bounded,9,64,896,optimal_bounded,9,4,1,0.000118892,0.000222171,,,0.000016973,95160,yes
family-g3-h1-a1-b3,legacy-finite-family,family,1,4,5,3,1,64,optimal_bounded,9,0,16,8,1,4,829,retained-legacy-dense-and-interval-check-record,optimal_bounded,9,64,896,optimal_bounded,9,4,1,0.000214320,0.000129793,,,0.000011320,95160,yes
family-g3-h1-a2-b0,legacy-finite-family,family,1,4,5,3,1,64,optimal_bounded,9,0,16,8,1,4,829,retained-legacy-dense-and-interval-check-record,optimal_bounded,9,64,896,optimal_bounded,9,4,1,0.000101416,0.000223425,,,0.000011210,95160,yes
family-g3-h1-a2-b1,legacy-finite-family,family,1,4,5,3,1,64,optimal_bounded,9,0,16,8,1,4,829,retained-legacy-dense-and-interval-check-record,optimal_bounded,9,64,896,optimal_bounded,9,4,1,0.000104704,0.000132112,,,0.000011855,95160,yes
family-g3-h1-a2-b2,legacy-finite-family,family,1,4,5,3,1,64,optimal_bounded,9,0,16,8,1,4,829,retained-legacy-dense-and-interval-check-record,optimal_bounded,9,64,896,optimal_bounded,9,4,1,0.000103190,0.000130855,,,0.000055465,95160,yes
family-g3-h1-a2-b3,legacy-finite-family,family,1,4,5,3,1,64,optimal_bounded,9,0,16,8,1,4,829,retained-legacy-dense-and-interval-check-record,optimal_bounded,9,64,896,optimal_bounded,9,4,1,0.000108915,0.000127113,,,0.000010313,95160,yes
family-g3-h1-a3-b0,legacy-finite-family,family,1,4,5,3,1,64,optimal_bounded,9,0,16,8,1,4,829,retained-legacy-dense-and-interval-check-record,optimal_bounded,9,64,896,optimal_bounded,9,4,1,0.000100401,0.000155722,,,0.000042085,95160,yes
family-g3-h1-a3-b1,legacy-finite-family,family,1,4,5,3,1,64,optimal_bounded,9,0,16,8,1,4,829,retained-legacy-dense-and-interval-check-record,optimal_bounded,9,64,896,optimal_bounded,9,4,1,0.000099241,0.000245232,,,0.000010836,95160,yes
family-g3-h1-a3-b2,legacy-finite-family,family,1,4,5,3,1,64,optimal_bounded,9,0,16,8,1,4,829,retained-legacy-dense-and-interval-check-record,optimal_bounded,9,64,896,optimal_bounded,9,4,1,0.000106151,0.000123813,,,0.000010443,95160,yes
family-g3-h1-a3-b3,legacy-finite-family,family,1,4,5,3,1,64,optimal_bounded,9,0,16,8,1,4,829,retained-legacy-dense-and-interval-check-record,optimal_bounded,9,64,896,optimal_bounded,9,4,1,0.000100021,0.000118929,,,0.000010119,95160,yes
family-g3-h2-a0-b0,legacy-finite-family,family,1,4,5,3,2,96,optimal_bounded,0,1,24,18,2,12,973,retained-legacy-dense-and-interval-check-record,optimal_bounded,0,96,1028,optimal_bounded,0,6,2,0.000159080,0.000181610,,,0.000015290,95160,yes
family-g3-h2-a0-b1,legacy-finite-family,family,1,4,5,3,2,96,optimal_bounded,1,1,24,18,2,12,973,retained-legacy-dense-and-interval-check-record,optimal_bounded,1,96,1028,optimal_bounded,1,6,2,0.000147663,0.000164142,,,0.000013929,95160,yes
family-g3-h2-a0-b2,legacy-finite-family,family,1,4,5,3,2,96,optimal_bounded,2,1,24,18,2,12,973,retained-legacy-dense-and-interval-check-record,optimal_bounded,2,96,1028,optimal_bounded,2,6,2,0.000142874,0.000230986,,,0.000013969,95160,yes
family-g3-h2-a0-b3,legacy-finite-family,family,1,4,5,3,2,96,optimal_bounded,3,1,24,18,2,12,973,retained-legacy-dense-and-interval-check-record,optimal_bounded,3,96,1028,optimal_bounded,3,6,2,0.000150134,0.000174762,,,0.000014720,95160,yes
family-g3-h2-a1-b0,legacy-finite-family,family,1,4,5,3,2,96,optimal_bounded,1,1,24,18,2,12,973,retained-legacy-dense-and-interval-check-record,optimal_bounded,1,96,1076,optimal_bounded,1,6,2,0.000146856,0.000166503,,,0.000013909,95160,yes
family-g3-h2-a1-b1,legacy-finite-family,family,1,4,5,3,2,96,optimal_bounded,2,1,24,18,2,12,973,retained-legacy-dense-and-interval-check-record,optimal_bounded,2,96,1076,optimal_bounded,2,6,2,0.000156589,0.000170431,,,0.000015114,95160,yes
family-g3-h2-a1-b2,legacy-finite-family,family,1,4,5,3,2,96,optimal_bounded,3,1,24,18,2,12,973,retained-legacy-dense-and-interval-check-record,optimal_bounded,3,96,1076,optimal_bounded,3,6,2,0.000192222,0.000466464,,,0.000015554,95160,yes
family-g3-h2-a1-b3,legacy-finite-family,family,1,4,5,3,2,96,optimal_bounded,4,1,24,18,2,12,973,retained-legacy-dense-and-interval-check-record,optimal_bounded,4,96,1076,optimal_bounded,4,6,2,0.000180917,0.000166385,,,0.000014305,95160,yes
family-g3-h2-a2-b0,legacy-finite-family,family,1,4,5,3,2,96,optimal_bounded,2,1,24,18,2,12,973,retained-legacy-dense-and-interval-check-record,optimal_bounded,2,96,1076,optimal_bounded,2,6,2,0.000151623,0.000196698,,,0.000014120,95160,yes
family-g3-h2-a2-b1,legacy-finite-family,family,1,4,5,3,2,96,optimal_bounded,3,1,24,18,2,12,973,retained-legacy-dense-and-interval-check-record,optimal_bounded,3,96,1076,optimal_bounded,3,6,2,0.000562754,0.000506446,,,0.000016496,95160,yes
family-g3-h2-a2-b2,legacy-finite-family,family,1,4,5,3,2,96,optimal_bounded,4,1,24,18,2,12,973,retained-legacy-dense-and-interval-check-record,optimal_bounded,4,96,1076,optimal_bounded,4,6,2,0.000278683,0.000168254,,,0.000014407,95160,yes
family-g3-h2-a2-b3,legacy-finite-family,family,1,4,5,3,2,96,optimal_bounded,5,1,24,18,2,12,973,retained-legacy-dense-and-interval-check-record,optimal_bounded,5,96,1076,optimal_bounded,5,6,2,0.000183134,0.000618450,,,0.000015795,95160,yes
family-g3-h2-a3-b0,legacy-finite-family,family,1,4,5,3,2,96,optimal_bounded,3,1,24,18,2,12,973,retained-legacy-dense-and-interval-check-record,optimal_bounded,3,96,1076,optimal_bounded,3,6,2,0.000149434,0.000167820,,,0.000014427,95160,yes
family-g3-h2-a3-b1,legacy-finite-family,family,1,4,5,3,2,96,optimal_bounded,4,1,24,18,2,12,973,retained-legacy-dense-and-interval-check-record,optimal_bounded,4,96,1076,optimal_bounded,4,6,2,0.000150545,0.000186499,,,0.000015938,95160,yes
family-g3-h2-a3-b2,legacy-finite-family,family,1,4,5,3,2,96,optimal_bounded,5,1,24,18,2,12,973,retained-legacy-dense-and-interval-check-record,optimal_bounded,5,96,1076,optimal_bounded,5,6,2,0.000152327,0.000253248,,,0.000015920,95160,yes
family-g3-h2-a3-b3,legacy-finite-family,family,1,4,5,3,2,96,optimal_bounded,6,1,24,18,2,12,973,retained-legacy-dense-and-interval-check-record,optimal_bounded,6,96,1076,optimal_bounded,6,6,2,0.000187294,0.000164065,,,0.000013843,95160,yes
family-g3-h3-a0-b0,legacy-finite-family,family,1,4,5,3,3,128,optimal_bounded,0,1,32,28,2,22,1113,retained-legacy-dense-and-interval-check-record,optimal_bounded,0,128,1172,optimal_bounded,0,7,3,0.000193025,0.000205467,,,0.000016497,95160,yes
family-g3-h3-a0-b1,legacy-finite-family,family,1,4,5,3,3,128,optimal_bounded,1,1,32,28,2,22,1113,retained-legacy-dense-and-interval-check-record,optimal_bounded,1,128,1172,optimal_bounded,1,7,3,0.000198136,0.000204276,,,0.000016851,95160,yes
family-g3-h3-a0-b2,legacy-finite-family,family,1,4,5,3,3,128,optimal_bounded,2,1,32,28,2,22,1113,retained-legacy-dense-and-interval-check-record,optimal_bounded,2,128,1172,optimal_bounded,2,7,3,0.000228736,0.000207446,,,0.000017239,95160,yes
family-g3-h3-a0-b3,legacy-finite-family,family,1,4,5,3,3,128,optimal_bounded,3,1,32,28,2,22,1113,retained-legacy-dense-and-interval-check-record,optimal_bounded,3,128,1172,optimal_bounded,3,7,3,0.000192494,0.000286564,,,0.000016185,95160,yes
family-g3-h3-a1-b0,legacy-finite-family,family,1,4,5,3,3,128,optimal_bounded,0,3,32,30,3,22,1129,retained-legacy-dense-and-interval-check-record,optimal_bounded,0,128,1176,optimal_bounded,0,7,3,0.000192924,0.000202438,,,0.000016347,95160,yes
family-g3-h3-a1-b1,legacy-finite-family,family,1,4,5,3,3,128,optimal_bounded,1,3,32,30,3,22,1129,retained-legacy-dense-and-interval-check-record,optimal_bounded,1,128,1176,optimal_bounded,1,7,3,0.000187544,0.000208205,,,0.000015398,95160,yes
family-g3-h3-a1-b2,legacy-finite-family,family,1,4,5,3,3,128,optimal_bounded,2,3,32,30,3,22,1129,retained-legacy-dense-and-interval-check-record,optimal_bounded,2,128,1176,optimal_bounded,2,7,3,0.000318255,0.000206256,,,0.000015722,95160,yes
family-g3-h3-a1-b3,legacy-finite-family,family,1,4,5,3,3,128,optimal_bounded,3,3,32,30,3,22,1129,retained-legacy-dense-and-interval-check-record,optimal_bounded,3,128,1176,optimal_bounded,3,7,3,0.000187788,0.000203212,,,0.000016822,95160,yes
family-g3-h3-a2-b0,legacy-finite-family,family,1,4,5,3,3,128,optimal_bounded,0,3,32,30,3,22,1129,retained-legacy-dense-and-interval-check-record,optimal_bounded,0,128,1176,optimal_bounded,0,7,3,0.000194291,0.000241419,,,0.000015580,95160,yes
family-g3-h3-a2-b1,legacy-finite-family,family,1,4,5,3,3,128,optimal_bounded,1,3,32,30,3,22,1129,retained-legacy-dense-and-interval-check-record,optimal_bounded,1,128,1176,optimal_bounded,1,7,3,0.000191263,0.000202292,,,0.000015637,95160,yes
family-g3-h3-a2-b2,legacy-finite-family,family,1,4,5,3,3,128,optimal_bounded,2,3,32,30,3,22,1129,retained-legacy-dense-and-interval-check-record,optimal_bounded,2,128,1176,optimal_bounded,2,7,3,0.000187659,0.000207761,,,0.000015738,95160,yes
family-g3-h3-a2-b3,legacy-finite-family,family,1,4,5,3,3,128,optimal_bounded,3,3,32,30,3,22,1129,retained-legacy-dense-and-interval-check-record,optimal_bounded,3,128,1176,optimal_bounded,3,7,3,0.000191979,0.000202500,,,0.000015168,95160,yes
family-g3-h3-a3-b0,legacy-finite-family,family,1,4,5,3,3,128,optimal_bounded,0,3,32,30,3,22,1129,retained-legacy-dense-and-interval-check-record,optimal_bounded,0,128,1176,optimal_bounded,0,7,3,0.000187606,0.000201075,,,0.000014991,95160,yes
family-g3-h3-a3-b1,legacy-finite-family,family,1,4,5,3,3,128,optimal_bounded,1,3,32,30,3,22,1129,retained-legacy-dense-and-interval-check-record,optimal_bounded,1,128,1176,optimal_bounded,1,7,3,0.000199664,0.000210918,,,0.000015590,95160,yes
family-g3-h3-a3-b2,legacy-finite-family,family,1,4,5,3,3,128,optimal_bounded,2,3,32,30,3,22,1129,retained-legacy-dense-and-interval-check-record,optimal_bounded,2,128,1176,optimal_bounded,2,7,3,0.000194199,0.000207473,,,0.000014840,95160,yes
family-g3-h3-a3-b3,legacy-finite-family,family,1,4,5,3,3,128,optimal_bounded,3,3,32,30,3,22,1129,retained-legacy-dense-and-interval-check-record,optimal_bounded,3,128,1176,optimal_bounded,3,7,3,0.000227139,0.000209801,,,0.000016382,95160,yes
family-g3-h4-a0-b0,legacy-finite-family,family,1,4,5,3,4,160,optimal_bounded,0,1,40,38,2,32,1253,retained-legacy-dense-and-interval-check-record,optimal_bounded,0,160,1316,optimal_bounded,0,7,3,0.000233198,0.000243175,,,0.000016394,95160,yes
family-g3-h4-a0-b1,legacy-finite-family,family,1,4,5,3,4,160,optimal_bounded,1,1,40,38,2,32,1253,retained-legacy-dense-and-interval-check-record,optimal_bounded,1,160,1316,optimal_bounded,1,7,3,0.000230485,0.000271749,,,0.000016154,95160,yes
family-g3-h4-a0-b2,legacy-finite-family,family,1,4,5,3,4,160,optimal_bounded,2,1,40,38,2,32,1253,retained-legacy-dense-and-interval-check-record,optimal_bounded,2,160,1316,optimal_bounded,2,7,3,0.000230135,0.000239292,,,0.000015921,95160,yes
family-g3-h4-a0-b3,legacy-finite-family,family,1,4,5,3,4,160,optimal_bounded,3,1,40,38,2,32,1253,retained-legacy-dense-and-interval-check-record,optimal_bounded,3,160,1316,optimal_bounded,3,7,3,0.000226718,0.000246797,,,0.000016383,95160,yes
family-g3-h4-a1-b0,legacy-finite-family,family,1,4,5,3,4,160,optimal_bounded,0,3,40,42,3,32,1281,retained-legacy-dense-and-interval-check-record,optimal_bounded,0,160,1320,optimal_bounded,0,7,3,0.000236702,0.000244104,,,0.000015710,95160,yes
family-g3-h4-a1-b1,legacy-finite-family,family,1,4,5,3,4,160,optimal_bounded,1,3,40,42,3,32,1281,retained-legacy-dense-and-interval-check-record,optimal_bounded,1,160,1320,optimal_bounded,1,7,3,0.000260970,0.000242812,,,0.000015153,95160,yes
family-g3-h4-a1-b2,legacy-finite-family,family,1,4,5,3,4,160,optimal_bounded,2,3,40,42,3,32,1281,retained-legacy-dense-and-interval-check-record,optimal_bounded,2,160,1320,optimal_bounded,2,7,3,0.000228420,0.000250774,,,0.000016708,95160,yes
family-g3-h4-a1-b3,legacy-finite-family,family,1,4,5,3,4,160,optimal_bounded,3,3,40,42,3,32,1281,retained-legacy-dense-and-interval-check-record,optimal_bounded,3,160,1320,optimal_bounded,3,7,3,0.000232887,0.000271454,,,0.000045507,95160,yes
family-g3-h4-a2-b0,legacy-finite-family,family,1,4,5,3,4,160,optimal_bounded,0,3,40,42,3,32,1281,retained-legacy-dense-and-interval-check-record,optimal_bounded,0,160,1320,optimal_bounded,0,7,3,0.000312133,0.000268371,,,0.000015771,95160,yes
family-g3-h4-a2-b1,legacy-finite-family,family,1,4,5,3,4,160,optimal_bounded,1,3,40,42,3,32,1281,retained-legacy-dense-and-interval-check-record,optimal_bounded,1,160,1320,optimal_bounded,1,7,3,0.000236606,0.000247238,,,0.000015894,95160,yes
family-g3-h4-a2-b2,legacy-finite-family,family,1,4,5,3,4,160,optimal_bounded,2,3,40,42,3,32,1281,retained-legacy-dense-and-interval-check-record,optimal_bounded,2,160,1320,optimal_bounded,2,7,3,0.000230754,0.000244536,,,0.000015186,95160,yes
family-g3-h4-a2-b3,legacy-finite-family,family,1,4,5,3,4,160,optimal_bounded,3,3,40,42,3,32,1281,retained-legacy-dense-and-interval-check-record,optimal_bounded,3,160,1320,optimal_bounded,3,7,3,0.000235714,0.000248653,,,0.000016344,95160,yes
family-g3-h4-a3-b0,legacy-finite-family,family,1,4,5,3,4,160,optimal_bounded,0,3,40,42,3,32,1281,retained-legacy-dense-and-interval-check-record,optimal_bounded,0,160,1320,optimal_bounded,0,7,3,0.000321143,0.000857768,,,0.000018481,95160,yes
family-g3-h4-a3-b1,legacy-finite-family,family,1,4,5,3,4,160,optimal_bounded,1,3,40,42,3,32,1281,retained-legacy-dense-and-interval-check-record,optimal_bounded,1,160,1320,optimal_bounded,1,7,3,0.000243442,0.000476428,,,0.000017371,95160,yes
family-g3-h4-a3-b2,legacy-finite-family,family,1,4,5,3,4,160,optimal_bounded,2,3,40,42,3,32,1281,retained-legacy-dense-and-interval-check-record,optimal_bounded,2,160,1320,optimal_bounded,2,7,3,0.000559887,0.000345135,,,0.000018514,95160,yes
family-g3-h4-a3-b3,legacy-finite-family,family,1,4,5,3,4,160,optimal_bounded,3,3,40,42,3,32,1281,retained-legacy-dense-and-interval-check-record,optimal_bounded,3,160,1320,optimal_bounded,3,7,3,0.000354255,0.000306564,,,0.000016983,95160,yes
boundary-g0-h8,legacy-resource-boundary,boundary,1,4,5,0,8,72,optimal_bounded,9,0,72,34,1,32,1571,retained-legacy-dense-and-interval-check-record,optimal_bounded,9,72,1884,optimal_bounded,9,3,1,0.000403283,0.000916554,,,0.000017883,95160,yes
boundary-g0-h16,legacy-resource-boundary,boundary,1,4,5,0,16,136,optimal_bounded,9,0,136,66,1,64,2493,retained-legacy-dense-and-interval-check-record,optimal_bounded,9,136,3094,optimal_bounded,9,3,1,0.000788399,0.000766531,,,0.000012195,95160,yes
boundary-g0-h32,legacy-resource-boundary,boundary,1,4,5,0,32,264,optimal_bounded,9,0,264,130,1,128,4349,retained-legacy-dense-and-interval-check-record,optimal_bounded,9,264,5526,optimal_bounded,9,3,1,0.001310188,0.001181332,,,0.000012839,95160,yes
boundary-g0-h64,legacy-resource-boundary,boundary,1,4,5,0,64,520,optimal_bounded,9,0,520,258,1,256,8061,retained-legacy-dense-and-interval-check-record,optimal_bounded,9,520,10390,optimal_bounded,9,3,1,0.002824949,0.002130841,,,0.000012838,95160,yes
boundary-g1-h8,legacy-resource-boundary,boundary,1,4,5,1,8,144,optimal_bounded,3,1,72,64,2,60,1739,retained-legacy-dense-and-interval-check-record,optimal_bounded,3,144,2016,optimal_bounded,3,5,2,0.000417592,0.000452327,,,0.000015022,95160,yes
boundary-g1-h16,legacy-resource-boundary,boundary,1,4,5,1,16,272,optimal_bounded,3,1,136,128,2,124,2837,retained-legacy-dense-and-interval-check-record,optimal_bounded,3,272,3354,optimal_bounded,3,5,2,0.000885465,0.000683634,,,0.000015465,95160,yes
boundary-g1-h32,legacy-resource-boundary,boundary,1,4,5,1,32,528,optimal_bounded,3,1,264,256,2,252,5045,retained-legacy-dense-and-interval-check-record,optimal_bounded,3,528,6042,optimal_bounded,3,5,2,0.002476268,0.001631752,,,0.000017080,95160,yes
boundary-g1-h64,legacy-resource-boundary,boundary,1,4,5,1,64,1040,optimal_bounded,3,1,520,512,2,508,9461,retained-legacy-dense-and-interval-check-record,optimal_bounded,3,1040,11418,optimal_bounded,3,5,2,0.003060086,0.002815240,,,0.000016565,95160,yes
boundary-g4-h8,legacy-resource-boundary,boundary,1,4,5,4,8,360,optimal_bounded,2,3,72,90,3,72,1885,retained-legacy-dense-and-interval-check-record,optimal_bounded,2,360,1892,optimal_bounded,2,7,3,0.000442208,0.000482519,,,0.000017914,95160,yes
boundary-g4-h16,legacy-resource-boundary,boundary,1,4,5,4,16,680,optimal_bounded,2,3,136,186,3,152,3159,retained-legacy-dense-and-interval-check-record,optimal_bounded,2,680,3102,optimal_bounded,2,7,3,0.000741043,0.000812611,,,0.000016746,95160,yes
boundary-g4-h32,legacy-resource-boundary,boundary,1,4,5,4,32,1320,optimal_bounded,2,3,264,378,3,312,5719,retained-legacy-dense-and-interval-check-record,optimal_bounded,2,1320,5534,optimal_bounded,2,7,3,0.001451787,0.001565450,,,0.000018602,95160,yes
boundary-g4-h64,legacy-resource-boundary,boundary,1,4,5,4,64,2600,optimal_bounded,2,3,520,762,3,632,10839,retained-legacy-dense-and-interval-check-record,optimal_bounded,2,2600,10398,optimal_bounded,2,7,3,0.002965061,0.002892976,,,0.000017778,95160,yes
boundary-g16-h8,legacy-resource-boundary,boundary,1,4,5,16,8,1224,optimal_bounded,2,3,72,90,3,72,1887,retained-legacy-dense-and-interval-check-record,optimal_bounded,2,1224,1966,optimal_bounded,2,7,3,0.000410597,0.000461619,,,0.000016508,95160,yes
boundary-g16-h16,legacy-resource-boundary,boundary,1,4,5,16,16,2312,optimal_bounded,2,3,136,186,3,152,3161,retained-legacy-dense-and-interval-check-record,optimal_bounded,2,2312,3240,optimal_bounded,2,7,3,0.000977781,0.000800961,,,0.000017156,95160,yes
boundary-g16-h32,legacy-resource-boundary,boundary,1,4,5,16,32,4488,optimal_bounded,2,3,264,378,3,312,5721,retained-legacy-dense-and-interval-check-record,optimal_bounded,2,4488,5800,optimal_bounded,2,7,3,0.001513564,0.001353815,,,0.000016693,95160,yes
boundary-g16-h64,legacy-resource-boundary,boundary,1,4,5,16,64,8840,optimal_bounded,2,3,520,762,3,632,10841,retained-legacy-dense-and-interval-check-record,optimal_bounded,2,8840,10920,optimal_bounded,2,7,3,0.002870149,0.002609646,,,0.000016880,95160,yes
boundary-g32-h8,legacy-resource-boundary,boundary,1,4,5,32,8,2376,optimal_bounded,2,3,72,90,3,72,1887,retained-legacy-dense-and-interval-check-record,optimal_bounded,2,2376,1966,optimal_bounded,2,7,3,0.000399853,0.000401167,,,0.000016022,95160,yes
boundary-g32-h16,legacy-resource-boundary,boundary,1,4,5,32,16,4488,optimal_bounded,2,3,136,186,3,152,3161,retained-legacy-dense-and-interval-check-record,optimal_bounded,2,4488,3240,optimal_bounded,2,7,3,0.000888060,0.000738042,,,0.000017187,95160,yes
boundary-g32-h32,legacy-resource-boundary,boundary,1,4,5,32,32,8712,optimal_bounded,2,3,264,378,3,312,5721,retained-legacy-dense-and-interval-check-record,optimal_bounded,2,8712,5800,optimal_bounded,2,7,3,0.001510993,0.001336246,,,0.000016840,95160,yes
boundary-g32-h64,legacy-resource-boundary,boundary,1,4,5,32,64,17160,optimal_bounded,2,3,520,762,3,632,10841,retained-legacy-dense-and-interval-check-record,optimal_bounded,2,17160,10920,optimal_bounded,2,7,3,0.002874427,0.002866382,,,0.000018873,95160,yes
boundary-g64-h8,legacy-resource-boundary,boundary,1,4,5,64,8,4680,optimal_bounded,2,3,72,90,3,72,1887,retained-legacy-dense-and-interval-check-record,optimal_bounded,2,4680,1966,optimal_bounded,2,7,3,0.000439636,0.000404820,,,0.000016867,95160,yes
boundary-g64-h16,legacy-resource-boundary,boundary,1,4,5,64,16,8840,optimal_bounded,2,3,136,186,3,152,3161,retained-legacy-dense-and-interval-check-record,optimal_bounded,2,8840,3240,optimal_bounded,2,7,3,0.000885903,0.000800624,,,0.000017825,95160,yes
boundary-g64-h32,legacy-resource-boundary,boundary,1,4,5,64,32,17160,optimal_bounded,2,3,264,378,3,312,5721,retained-legacy-dense-and-interval-check-record,optimal_bounded,2,17160,5800,optimal_bounded,2,7,3,0.001636333,0.001470278,,,0.000018274,95160,yes
boundary-g64-h64,legacy-resource-boundary,boundary,1,4,5,64,64,33800,optimal_bounded,2,3,520,762,3,632,10841,retained-legacy-dense-and-interval-check-record,optimal_bounded,2,33800,10920,optimal_bounded,2,7,3,0.002809285,0.002942348,,,0.000018357,95160,yes
boundary-g96-h8,legacy-resource-boundary,boundary,1,4,5,96,8,6984,optimal_bounded,2,3,72,90,3,72,1887,retained-legacy-dense-and-interval-check-record,optimal_bounded,2,6984,1966,optimal_bounded,2,7,3,0.000492906,0.000434228,,,0.000017560,95160,yes
boundary-g96-h16,legacy-resource-boundary,boundary,1,4,5,96,16,13192,optimal_bounded,2,3,136,186,3,152,3161,retained-legacy-dense-and-interval-check-record,optimal_bounded,2,13192,3240,optimal_bounded,2,7,3,0.000794886,0.000733636,,,0.000089947,95160,yes
boundary-g96-h32,legacy-resource-boundary,boundary,1,4,5,96,32,25608,optimal_bounded,2,3,264,378,3,312,5721,retained-legacy-dense-and-interval-check-record,optimal_bounded,2,25608,5800,optimal_bounded,2,7,3,0.001587792,0.001342027,,,0.000018577,95160,yes
boundary-g96-h64,legacy-resource-boundary,boundary,1,4,5,96,64,50440,optimal_bounded,2,3,520,762,3,632,10841,retained-legacy-dense-and-interval-check-record,optimal_bounded,2,50440,10920,optimal_bounded,2,7,3,0.002839070,0.003235660,,,0.000019324,95160,yes
boundary-g128-h8,legacy-resource-boundary,boundary,1,4,5,128,8,9288,optimal_bounded,2,3,72,90,3,72,1889,retained-legacy-dense-and-interval-check-record,optimal_bounded,2,9288,2040,optimal_bounded,2,7,3,0.000405988,0.000525672,,,0.000016984,95160,yes
boundary-g128-h16,legacy-resource-boundary,boundary,1,4,5,128,16,17544,optimal_bounded,2,3,136,186,3,152,3163,retained-legacy-dense-and-interval-check-record,optimal_bounded,2,17544,3378,optimal_bounded,2,7,3,0.000879539,0.000727793,,,0.000017874,95160,yes
boundary-g128-h32,legacy-resource-boundary,boundary,1,4,5,128,32,34056,optimal_bounded,2,3,264,378,3,312,5723,retained-legacy-dense-and-interval-check-record,optimal_bounded,2,34056,6066,optimal_bounded,2,7,3,0.001594551,0.001382568,,,0.000017146,95160,yes
boundary-g128-h64,legacy-resource-boundary,boundary,1,4,5,128,64,67080,optimal_bounded,2,3,520,762,3,632,10843,retained-legacy-dense-and-interval-check-record,optimal_bounded,2,67080,11442,optimal_bounded,2,7,3,0.002911840,0.002614323,,,0.000018128,95160,yes
